{"type":"FeatureCollection","name":"africa-frontiers","crs":{"type":"name","properties":{"name":"urn:ogc:def:crs:OGC:1.3:CRS84"}},"features":[
{"type":"Feature","properties":{"id":"morocco-south","nations":"morocco | algeria/saguia","follows":"the Moulouya, the east end of the High Atlas, the Tafilalt's edge, then the Draa to the sea"},"geometry":{"type":"LineString","coordinates":[[-2.3,35.3],[-2.3406,35.1231],[-2.3976,35.0842],[-2.4682,34.9711],[-2.4986,34.9564],[-2.5392,34.9589],[-2.6143,34.9298],[-2.6843,34.8775],[-2.8194,34.7257],[-2.8417,34.7095],[-2.9315,34.6717],[-2.9432,34.6541],[-2.9254,34.6149],[-2.9322,34.6064],[-2.9725,34.5743],[-3.0332,34.5471],[-3.0594,34.5056],[-3.085,34.4902],[-3.0979,34.4674],[-3.1858,34.4137],[-3.2259,34.3547],[-3.2413,34.3146],[-3.2762,34.275],[-3.3149,34.2059],[-3.3703,34.1533],[-3.3844,34.1324],[-3.4238,33.9974],[-3.4446,33.9668],[-3.5199,33.8892],[-3.5283,33.8687],[-3.5249,33.8263],[-3.5411,33.7857],[-3.5337,33.723],[-3.5469,33.69],[-3.6019,33.6348],[-3.63,33.5294],[-3.6659,33.3513],[-3.6791,33.3183],[-3.7056,33.2875],[-3.8162,33.2074],[-3.9272,33.0853],[-4.0239,33.0177],[-4.1152,32.9354],[-4.166,32.9078],[-4.3354,32.8435],[-4.4014,32.8334],[-4.35,32.7],[-4.3272,32.385],[-4.3,32.25],[-4.237,32.1006],[-4.072,31.8007],[-3.9422,31.5032],[-3.9102,31.403],[-3.9007,31.3524],[-3.9,31.25],[-3.913,31.1864],[-3.9649,31.0541],[-4.0436,30.9191],[-4.1404,30.786],[-4.2464,30.6594],[-4.362,30.5366],[-4.5023,30.4135],[-4.657,30.2969],[-4.8174,30.1894],[-4.975,30.0931],[-5.1107,30.0173],[-5.2296,29.9615],[-7.21,29.187],[-7.3906,29.1112],[-8.1126,28.7841],[-8.5715,28.6176],[-8.8709,28.536],[-9.1341,28.4905],[-9.5244,28.4544],[-9.9,28.45],[-10.1925,28.4749],[-10.4004,28.5085],[-10.6,28.55],[-10.894,28.6291],[-11.1795,28.7326],[-11.4,28.85]]}},
{"type":"Feature","properties":{"id":"saguia-algeria","nations":"saguia | algeria","follows":"the western rim of the Tindouf basin"},"geometry":{"type":"LineString","coordinates":[[-8.95,28.52],[-9.1727,27.9416],[-9.3052,27.6372],[-9.341,27.5163],[-9.3495,27.4574],[-9.35,27.4],[-9.3403,27.3474],[-9.3203,27.2958],[-9.2927,27.2451],[-9.1568,27.0472],[-9.1293,26.9982],[-9.1095,26.9492],[-9.1,26.9],[-9.1002,26.8546],[-9.1182,26.7643],[-9.25,26.45]]}},
{"type":"Feature","properties":{"id":"saguia-mauritania","nations":"saguia | mauritania","follows":"the southern watershed of the Saguia el-Hamra, north of the Zemmour"},"geometry":{"type":"LineString","coordinates":[[-14.75,26.0],[-14.4481,26.0419],[-14.3,26.05],[-14.1267,26.0398],[-13.512,25.9589],[-13.3,25.95],[-13.0677,25.9635],[-12.1,26.1],[-10.9205,26.1894],[-10.1535,26.2636],[-9.983,26.2867],[-9.7628,26.3262],[-9.25,26.45]]}},
{"type":"Feature","properties":{"id":"mauritania-algeria","nations":"mauritania | algeria","follows":"the south-western edge of the Erg Iguidi and the Erg Chech, then El Djouf"},"geometry":{"type":"LineString","coordinates":[[-9.25,26.45],[-8.6597,26.0458],[-8.4,25.85],[-8.0662,25.58],[-7.8348,25.3838],[-7.5,25.0698],[-7.3,24.85],[-7.2109,24.7398],[-7.0432,24.5122],[-6.8156,24.1542],[-6.6129,23.7786],[-6.4878,23.5133],[-6.4294,23.373],[-6.2733,22.9374],[-6.0092,22.0593],[-5.8965,21.6346],[-5.6154,20.4285],[-5.4897,19.8281],[-5.4232,19.4122],[-5.35,18.7]]}},
{"type":"Feature","properties":{"id":"tunisia-algeria","nations":"tunisia | algeria","follows":"the Kroumirie and Tebessa mountains, the Chott el Gharsa, then the northern edge of the Grand Erg Oriental"},"geometry":{"type":"LineString","coordinates":[[8.72,37.05],[8.5819,36.8177],[8.5186,36.6943],[8.4799,36.596],[8.427,36.422],[8.3718,36.1744],[8.342,35.9861],[8.3326,35.5911],[8.316,35.4624],[8.3,35.4],[8.2496,35.2749],[8.1447,35.0934],[7.9136,34.7442],[7.7117,34.4757],[7.6446,34.3659],[7.6,34.25],[7.5776,34.127],[7.5709,33.9991],[7.5803,33.8677],[7.6065,33.7342],[7.626,33.6671],[7.6932,33.5072],[7.75,33.412],[7.8178,33.315],[7.9771,33.1189],[8.3222,32.7384],[8.6632,32.3491],[8.923,32.073],[9.1519,31.86],[9.55,31.55]]}},
{"type":"Feature","properties":{"id":"tunisia-libya","nations":"tunisia | libya","follows":"the Jeffara plain to the Dahar escarpment"},"geometry":{"type":"LineString","coordinates":[[11.62,33.3],[11.4732,32.9973],[11.3855,32.8485],[11.2503,32.6851],[11.1346,32.5717],[11.0088,32.4607],[10.5586,32.1028],[10.2295,31.8773],[9.9889,31.7414],[9.55,31.55]]}},
{"type":"Feature","properties":{"id":"algeria-libya","nations":"algeria | libya","follows":"the eastern edge of the Grand Erg Oriental, the Hamada, and the gap between the Tassili and the Acacus"},"geometry":{"type":"LineString","coordinates":[[9.55,31.55],[9.6115,31.0536],[9.6096,30.9165],[9.6,30.85],[9.5581,30.7263],[9.3498,30.3754],[9.3,30.25],[9.2557,30.0359],[9.2398,29.8868],[9.2351,29.7339],[9.2421,29.5784],[9.2646,29.4092],[9.3126,29.2249],[9.5193,28.6494],[9.6126,28.3272],[9.8788,27.2884],[10.0352,26.7267],[10.0802,26.5087],[10.1,26.3],[10.0873,26.1322],[10.0519,25.9713],[9.9693,25.6583],[9.95,25.5],[9.9484,25.34],[9.955,25.1797],[9.9861,24.9392],[10.0245,24.7795],[10.0856,24.6088],[10.177,24.4248],[10.3489,24.15],[10.6,23.8],[10.7227,23.6422],[11.25,23.05]]}},
{"type":"Feature","properties":{"id":"libya-egypt","nations":"libya | egypt","follows":"the Sollum escarpment, then the western edge of the Great Sand Sea to Gilf Kebir and Uweinat"},"geometry":{"type":"LineString","coordinates":[[25.2,31.75],[24.9935,31.0723],[24.8681,30.5427],[24.8334,30.3618],[24.8091,30.1806],[24.8024,30.0902],[24.8019,29.9101],[24.8164,29.7306],[24.8432,29.5512],[24.8802,29.3714],[24.95,29.1],[25.0175,28.9042],[25.2375,28.413],[25.3173,28.2069],[25.3822,27.9787],[25.4418,27.7279],[25.5122,27.3364],[25.5407,27.0691],[25.548,26.9346],[25.55,26.8],[25.5421,26.6538],[25.5223,26.505],[25.4935,26.3543],[25.3845,25.8971],[25.3234,25.5946],[25.3055,25.446],[25.3,25.3],[25.3086,25.1661],[25.3289,25.0338],[25.358,24.9028],[25.5006,24.3866],[25.5276,24.2581],[25.5451,24.1294],[25.55,24.0],[25.5425,23.8681],[25.5258,23.7338],[25.5015,23.598],[25.4363,23.3267],[25.2011,22.536],[25.0,21.95]]}},
{"type":"Feature","properties":{"id":"egypt-sudan","nations":"egypt | sudan","follows":"the Selima sand sheet, the second cataract, then the Wadi Allaqi to Gebel Elba"},"geometry":{"type":"LineString","coordinates":[[25.0,21.95],[26.0413,21.6516],[26.3452,21.5798],[26.5,21.55],[27.0021,21.4734],[27.3453,21.4352],[27.8614,21.4025],[28.2,21.4],[28.3622,21.4062],[28.6846,21.4348],[29.8,21.6],[32.0268,21.8873],[32.2085,21.9252],[32.3919,21.9823],[32.5704,22.0682],[32.8335,22.2158],[33.0125,22.2996],[33.1049,22.3301],[33.2,22.35],[33.3042,22.359],[33.4113,22.358],[33.6319,22.333],[34.1915,22.218],[34.9038,22.0956],[35.2011,22.0567],[35.3964,22.0474],[35.591,22.0525],[36.25,22.1],[36.95,22.1]]}},
{"type":"Feature","properties":{"id":"libya-sudan","nations":"libya | sudan","follows":"the Uweinat massif"},"geometry":{"type":"LineString","coordinates":[[23.7,20.85],[24.1531,21.276],[24.35,21.45],[24.5433,21.6056],[25.0,21.95]]}},
{"type":"Feature","properties":{"id":"libya-kanem","nations":"libya | kanem","follows":"the Tummo, the northern foot of the Tibesti, and the Sarir Tibesti"},"geometry":{"type":"LineString","coordinates":[[11.25,23.05],[12.0548,22.997],[12.4,22.95],[12.5187,22.9226],[12.6356,22.8868],[13.2209,22.6704],[13.3434,22.637],[13.4695,22.6127],[13.6,22.6],[13.7642,22.6039],[13.9342,22.6271],[14.1091,22.665],[14.2882,22.713],[14.8411,22.8705],[15.0279,22.9119],[15.2145,22.9399],[15.4,22.95],[15.5953,22.9417],[15.7917,22.9195],[15.9891,22.886],[16.3871,22.7954],[17.1954,22.591],[17.616,22.513],[18.9455,22.3155],[19.3845,22.2417],[20.2083,22.0713],[20.6069,21.979],[21.0034,21.8774],[21.6,21.7],[22.0198,21.5513],[22.4397,21.384],[23.7,20.85]]}},
{"type":"Feature","properties":{"id":"algeria-air","nations":"algeria | air","follows":"the south foot of the Tassili du Hoggar"},"geometry":{"type":"LineString","coordinates":[[0.85,19.55],[0.9189,19.8003],[1.0399,20.3162],[1.0789,20.4372],[1.1255,20.5511],[1.1818,20.656],[1.25,20.75],[1.328,20.8331],[1.4163,20.9119],[1.5132,20.9855],[1.6171,21.0534],[1.7265,21.1148],[1.8398,21.169],[1.9554,21.2153],[2.0717,21.253],[2.1871,21.2815],[2.3,21.3],[2.4142,21.3051],[2.5295,21.2953],[2.6461,21.2731],[2.764,21.2413],[3.3737,21.0328],[4.0872,20.851],[4.5442,20.7483],[4.849,20.7075],[5.0,20.7],[5.3006,20.709],[5.6022,20.7428],[5.9036,20.797],[6.2033,20.8675],[6.6527,20.9982],[6.957,21.1108],[7.2592,21.2404],[7.7067,21.4536],[8.1424,21.6747],[8.4183,21.835],[8.8253,22.087],[9.1045,22.2504],[9.4,22.4],[9.572,22.4749],[9.7494,22.5456],[10.1169,22.6775],[11.25,23.05]]}},
{"type":"Feature","properties":{"id":"mali-algeria","nations":"mali | algeria","follows":"the northern edge of the Azawad"},"geometry":{"type":"LineString","coordinates":[[-5.35,18.7],[-4.4824,19.0257],[-3.967,19.1814],[-3.5186,19.2979],[-3.2112,19.367],[-2.9029,19.4256],[-2.5964,19.4716],[-2.1291,19.5234],[-1.816,19.5449],[-1.5053,19.5543],[-1.2,19.55],[-1.0544,19.5391],[-0.9063,19.5192],[-0.1774,19.3767],[-0.0438,19.3577],[0.0825,19.3479],[0.2,19.35],[0.2756,19.3588],[0.4143,19.3896],[0.85,19.55]]}},
{"type":"Feature","properties":{"id":"mali-mauritania","nations":"mali | mauritania","follows":"the Karakoro, the Assaba, and the escarpment of the Tagant, Tichitt, Oualata and Nema above the Hodh"},"geometry":{"type":"LineString","coordinates":[[-12.1395,14.7847],[-12.1149,15.1981],[-12.1,15.3],[-12.0656,15.451],[-12.0043,15.6498],[-11.9283,15.8543],[-11.745,16.2371],[-11.6808,16.4084],[-11.6329,16.5882],[-11.4773,17.2892],[-11.4452,17.3975],[-11.3714,17.5511],[-11.3077,17.6529],[-11.2341,17.7507],[-11.1497,17.8403],[-11.103,17.8807],[-11.0,17.95],[-10.9282,17.9833],[-10.8488,18.0093],[-10.6725,18.0445],[-10.1922,18.089],[-9.4701,18.1863],[-9.29,18.1983],[-9.0181,18.1972],[-8.7426,18.1795],[-8.5613,18.1563],[-8.3852,18.1219],[-8.1389,18.0494],[-7.9018,17.954],[-7.6814,17.8378],[-7.55,17.75],[-7.4972,17.7033],[-7.4057,17.5863],[-7.2846,17.3976],[-7.2434,17.3434],[-7.1998,17.2988],[-7.1524,17.2666],[-7.1,17.25],[-7.0317,17.2508],[-6.9585,17.2699],[-6.8812,17.3045],[-6.7179,17.4091],[-6.2048,17.8294],[-5.9196,18.1023],[-5.35,18.7]]}},
{"type":"Feature","properties":{"id":"jolof-mauritania","nations":"jolof | mauritania","follows":"the Senegal"},"geometry":{"type":"LineString","coordinates":[[-16.6,15.85],[-16.5423,15.8057],[-16.5204,15.8466],[-16.5105,15.9017],[-16.5082,16.0106],[-16.471,16.1066],[-16.4666,16.1742],[-16.4593,16.1944],[-16.4449,16.2065],[-16.408,16.215],[-16.386,16.2351],[-16.3355,16.456],[-16.3142,16.4935],[-16.2744,16.5234],[-16.2517,16.5278],[-16.2074,16.5209],[-16.145,16.5529],[-16.1204,16.5526],[-16.0747,16.5051],[-16.0544,16.4957],[-16.0079,16.4964],[-15.9862,16.506],[-15.9651,16.4992],[-15.8976,16.5186],[-15.8626,16.5104],[-15.8296,16.5147],[-15.7359,16.4979],[-15.6882,16.4808],[-15.6581,16.4864],[-15.6221,16.5144],[-15.595,16.5239],[-15.5374,16.5167],[-15.5158,16.5311],[-15.4916,16.5648],[-15.4647,16.5817],[-15.4495,16.5804],[-15.4275,16.5534],[-15.4152,16.5482],[-15.3287,16.5721],[-15.2492,16.566],[-15.1258,16.583],[-15.1046,16.5905],[-15.0968,16.6141],[-15.1189,16.6428],[-15.1083,16.6656],[-15.0796,16.6652],[-15.045,16.6321],[-15.0243,16.6402],[-15.0076,16.676],[-14.975,16.6916],[-14.9635,16.686],[-14.9316,16.6436],[-14.9132,16.6408],[-14.8826,16.6478],[-14.7119,16.636],[-14.6666,16.6459],[-14.6087,16.629],[-14.5558,16.6407],[-14.5046,16.6329],[-14.483,16.6339],[-14.4269,16.6598],[-14.4073,16.661],[-14.3438,16.6368],[-14.332,16.6243],[-14.336,16.5867],[-14.2883,16.5859],[-14.2687,16.548],[-14.2229,16.5398],[-14.0736,16.4008],[-14.0405,16.3823],[-14.0162,16.356],[-13.9876,16.3431],[-13.9718,16.3244],[-13.9781,16.309],[-13.9633,16.2642],[-13.9685,16.2462],[-13.9478,16.2213],[-13.9084,16.2102],[-13.8844,16.1939],[-13.8597,16.1425],[-13.8455,16.1262],[-13.8279,16.1187],[-13.7956,16.1314],[-13.7474,16.1826],[-13.7208,16.1901],[-13.7112,16.1891],[-13.7234,16.1464],[-13.6695,16.106],[-13.6357,16.1218],[-13.6076,16.1235],[-13.5697,16.1384],[-13.4855,16.1552],[-13.4837,16.1412],[-13.5004,16.1109],[-13.5024,16.0953],[-13.4922,16.0886],[-13.4558,16.1024],[-13.4407,16.102],[-13.4277,16.0833],[-13.3892,16.0523],[-13.3704,15.9857],[-13.3477,15.957],[-13.3224,15.9383],[-13.3144,15.9224],[-13.3188,15.8886],[-13.2942,15.8555],[-13.2806,15.8231],[-13.2867,15.7698],[-13.2446,15.736],[-13.2289,15.7115],[-13.2483,15.6658],[-13.2385,15.6236],[-13.1789,15.6284],[-13.0997,15.5871],[-13.0901,15.5612],[-13.0938,15.5064],[-13.0853,15.4932],[-13.0396,15.487],[-12.9965,15.5143],[-12.9808,15.5164],[-12.9556,15.4932],[-12.9515,15.4656],[-12.9317,15.4307],[-12.9316,15.3972],[-12.9196,15.3655],[-12.8478,15.3135],[-12.8287,15.2841],[-12.8341,15.2702],[-12.8849,15.2711],[-12.895,15.2635],[-12.889,15.251],[-12.8574,15.2222],[-12.8176,15.2232],[-12.7879,15.2144],[-12.78,15.1916],[-12.7847,15.1583],[-12.7803,15.1466],[-12.7552,15.1388],[-12.7177,15.1036],[-12.6909,15.0926],[-12.6329,15.1056],[-12.6028,15.0789],[-12.5302,15.0345],[-12.4854,15.0175],[-12.4722,14.9982],[-12.4488,14.9184],[-12.3831,14.8462],[-12.3202,14.8174],[-12.2474,14.7672],[-12.2039,14.7663],[-12.1395,14.7847]]}},
{"type":"Feature","properties":{"id":"jolof-mali","nations":"jolof | mali","follows":"the Senegal to Bafoulabe, then the Bafing"},"geometry":{"type":"LineString","coordinates":[[-12.1395,14.7847],[-12.0821,14.7402],[-11.8941,14.6191],[-11.6882,14.5908],[-11.664,14.5685],[-11.6221,14.5582],[-11.5777,14.4998],[-11.4918,14.4831],[-11.4039,14.4502],[-11.3734,14.4119],[-11.3683,14.3794],[-11.2838,14.3391],[-11.264,14.305],[-11.2405,14.2269],[-11.2385,14.2053],[-11.2471,14.1716],[-11.2424,14.1586],[-11.218,14.1541],[-11.218,14.1467],[-11.237,14.1342],[-11.2512,14.111],[-11.2549,14.0884],[-11.2419,14.0784],[-11.1997,14.071],[-11.1483,14.0368],[-11.1083,14.0389],[-11.0877,14.0306],[-11.0708,13.9931],[-11.0667,13.9487],[-11.0721,13.943],[-11.0548,13.869],[-11.031,13.8482],[-10.9937,13.8364],[-10.9858,13.7972],[-10.9648,13.7904],[-10.9152,13.8196],[-10.8922,13.8245],[-10.8511,13.8139],[-10.8494,13.7877],[-10.8754,13.7221],[-10.8727,13.7089],[-10.8512,13.66],[-10.8346,13.6515],[-10.8225,13.6322],[-10.8172,13.6114],[-10.8208,13.5986],[-10.8035,13.5825],[-10.7629,13.5669],[-10.7519,13.5446],[-10.7638,13.503],[-10.7615,13.4785],[-10.743,13.4528],[-10.7137,13.4341],[-10.7283,13.4205],[-10.7891,13.4195],[-10.7707,13.3944],[-10.8003,13.359],[-10.8107,13.3207],[-10.8133,13.2801],[-10.8081,13.255],[-10.7947,13.2375],[-10.7594,13.2212],[-10.7238,13.2244],[-10.6596,13.2567],[-10.6222,13.2622],[-10.5711,13.2451],[-10.5427,13.256],[-10.5227,13.253],[-10.459,13.2009],[-10.4198,13.1945],[-10.3921,13.1973],[-10.3819,13.1666],[-10.3506,13.152],[-10.3493,13.126],[-10.3861,13.0921],[-10.3744,13.0779],[-10.3479,13.071],[-10.336,13.0558],[-10.3465,12.9903],[-10.3335,12.9543],[-10.2994,12.968],[-10.2765,12.9559],[-10.2979,12.8826],[-10.2948,12.8504],[-10.2451,12.8373],[-10.2345,12.828],[-10.2199,12.7906],[-10.197,12.7762],[-10.2635,12.7217],[-10.2709,12.7073],[-10.2357,12.6972],[-10.2264,12.6863],[-10.2275,12.6121],[-10.2624,12.5713],[-10.276,12.515],[-10.3259,12.4265],[-10.3448,12.4103],[-10.3495,12.3629],[-10.3607,12.3428],[-10.3758,12.3331],[-10.3721,12.3175],[-10.3437,12.3195],[-10.3346,12.2397],[-10.3274,12.2213],[-10.3304,12.1905],[-10.3689,12.1717],[-10.3819,12.1803],[-10.4296,12.1436],[-10.4463,12.1209],[-10.4941,12.1246],[-10.5123,12.1182],[-10.5086,12.0847],[-10.5183,12.0709],[-10.5157,12.053],[-10.5671,12.0175],[-10.5601,11.9953],[-10.5963,11.98],[-10.6222,11.9578]]}},
{"type":"Feature","properties":{"id":"jolof-fouta","nations":"jolof | fouta","follows":"the northern escarpment of the Fouta Djallon"},"geometry":{"type":"LineString","coordinates":[[-10.6222,11.9578],[-11.8788,12.4199],[-11.9606,12.4423],[-12.0546,12.4561],[-12.2527,12.4509]]}},
{"type":"Feature","properties":{"id":"jolof-kaabu","nations":"jolof | kaabu","follows":"the Gambia"},"geometry":{"type":"LineString","coordinates":[[-12.2527,12.4509],[-12.2276,12.5362],[-12.2146,12.5546],[-12.1944,12.5468],[-12.1224,12.5838],[-12.1316,12.6157],[-12.1197,12.65],[-12.107,12.6505],[-12.1172,12.6715],[-12.1521,12.7031],[-12.1937,12.6977],[-12.2133,12.7039],[-12.1905,12.7364],[-12.2159,12.7331],[-12.2185,12.7515],[-12.2494,12.7867],[-12.2626,12.8115],[-12.2732,12.8172],[-12.2835,12.8062],[-12.3436,12.8336],[-12.3514,12.843],[-12.3715,12.8339],[-12.4579,12.8168],[-12.4728,12.8066],[-12.4871,12.741],[-12.4991,12.729],[-12.5582,12.7056],[-12.6084,12.7117],[-12.6165,12.729],[-12.6412,12.7475],[-12.7394,12.7011],[-12.8237,12.7359],[-12.8443,12.7597],[-12.8623,12.7563],[-12.8629,12.7823],[-12.8738,12.7918],[-12.8911,12.7902],[-12.9334,12.7713],[-12.954,12.7925],[-12.9862,12.806],[-13.0123,12.8282],[-13.0559,12.7935],[-13.0743,12.7941],[-13.1019,12.806],[-13.1062,12.8218],[-13.1387,12.8273],[-13.1476,12.8352],[-13.1577,12.8649],[-13.1742,12.8892],[-13.1761,12.9013],[-13.1533,12.9148],[-13.1714,12.9617],[-13.2129,12.981],[-13.2234,13.0002],[-13.2437,13.0126],[-13.3091,13.0218],[-13.3284,13.0437],[-13.3348,13.1241],[-13.3557,13.1331],[-13.3147,13.1536],[-13.3258,13.1773],[-13.3213,13.191],[-13.3315,13.2145],[-13.3278,13.2237],[-13.3526,13.2495],[-13.3694,13.2526],[-13.3768,13.2764],[-13.3775,13.2918],[-13.3557,13.3249],[-13.3646,13.341],[-13.3967,13.3311],[-13.4761,13.3385],[-13.4937,13.3093],[-13.4999,13.3258],[-13.5125,13.33],[-13.5326,13.3246],[-13.5543,13.3047],[-13.5796,13.3009],[-13.5863,13.317],[-13.5995,13.3133],[-13.6001,13.2598],[-13.6378,13.2409],[-13.6502,13.2526],[-13.6575,13.2788],[-13.6921,13.2938],[-13.6863,13.315],[-13.702,13.3528],[-13.6965,13.379],[-13.7521,13.3717],[-13.7672,13.3931],[-13.764,13.4189],[-13.7262,13.4683],[-13.7747,13.4819],[-13.8069,13.4693],[-13.815,13.4819],[-13.7981,13.5178],[-13.799,13.5324],[-13.8212,13.5446],[-13.8404,13.5232],[-13.8749,13.5071],[-13.8927,13.4893],[-13.8855,13.4408],[-13.8912,13.4213],[-13.9146,13.413],[-13.9559,13.4694],[-14.0118,13.4586],[-14.0228,13.4445],[-14.0205,13.4068],[-14.0429,13.3876],[-14.0581,13.4003],[-14.075,13.4478],[-14.1152,13.4261],[-14.1252,13.4088],[-14.1161,13.3863],[-14.1508,13.3795],[-14.153,13.4152],[-14.1712,13.4205],[-14.2002,13.379],[-14.1943,13.3648],[-14.2158,13.3471],[-14.283,13.3585],[-14.2948,13.3559],[-14.3034,13.3397],[-14.349,13.3284],[-14.3705,13.3311],[-14.4286,13.3829],[-14.4439,13.4039],[-14.4519,13.4078],[-14.4947,13.4024],[-14.5245,13.4649],[-14.582,13.4962],[-14.5903,13.5167],[-14.5828,13.5576],[-14.5942,13.5609],[-14.6185,13.5484],[-14.6306,13.4683],[-14.6508,13.4455],[-14.7405,13.5303],[-14.7705,13.5225],[-14.8382,13.5703],[-14.8702,13.5508],[-14.8914,13.5485],[-14.9798,13.5893],[-14.9921,13.601],[-14.9869,13.6265],[-14.9742,13.6386],[-14.9086,13.6719],[-14.9379,13.7017],[-14.9732,13.701],[-15.0031,13.7081],[-15.0148,13.7084],[-15.037,13.6969],[-15.1309,13.6948],[-15.1965,13.6628],[-15.2327,13.6543],[-15.2742,13.6675],[-15.297,13.6911],[-15.3191,13.692],[-15.3562,13.6663],[-15.3711,13.6123],[-15.3727,13.566],[-16.55,13.5],[-16.9,13.5]]}},
{"type":"Feature","properties":{"id":"kaabu-fouta","nations":"kaabu | fouta","follows":"the western foot of the Fouta Djallon"},"geometry":{"type":"LineString","coordinates":[[-12.2527,12.4509],[-12.9174,12.2562],[-13.1228,12.1842],[-13.2157,12.144],[-13.3,12.1],[-13.4074,12.027],[-13.4992,11.9467],[-13.7057,11.7389],[-14.0177,11.4817],[-14.154,11.3812],[-14.375,11.2392],[-14.5551,11.142],[-14.7018,11.0803],[-14.8644,11.0317],[-15.2,10.95]]}},
{"type":"Feature","properties":{"id":"fouta-mali","nations":"fouta | mali","follows":"the eastern escarpment of the Fouta Djallon"},"geometry":{"type":"LineString","coordinates":[[-10.6222,11.9578],[-10.9999,11.8913],[-11.112,11.8566],[-11.1597,11.8316],[-11.2,11.8],[-11.2589,11.7218],[-11.3015,11.6245],[-11.3296,11.5163],[-11.3488,11.3515],[-11.3459,11.2502],[-11.3184,11.1515],[-11.2172,10.9031],[-11.2,10.8],[-11.2038,10.7419],[-11.2162,10.6819],[-11.3063,10.4348],[-11.3432,10.3138],[-11.3515,10.2557],[-11.35,10.2],[-11.3399,10.1512],[-11.3021,10.0582],[-11.1,9.75]]}},
{"type":"Feature","properties":{"id":"fouta-sierra-leone","nations":"fouta | sierra_leone","follows":"the Great Scarcies"},"geometry":{"type":"LineString","coordinates":[[-13.35,8.85],[-13.0668,9.0148],[-12.95,9.1],[-12.8673,9.1794],[-12.5918,9.5062],[-12.3361,9.7787],[-12.199,9.897],[-12.1,9.95],[-11.9963,9.9774],[-11.8848,9.9873],[-11.7131,9.9777],[-11.55,9.95],[-11.41,9.9043],[-11.1,9.75]]}},
{"type":"Feature","properties":{"id":"sierra-leone-mali","nations":"sierra_leone | mali","follows":"the Loma and Kissi highlands, the Niger's first watershed"},"geometry":{"type":"LineString","coordinates":[[-11.1,9.75],[-10.75,9.3],[-10.4,8.9]]}},
{"type":"Feature","properties":{"id":"sierra-leone-liberia","nations":"sierra_leone | liberia","follows":"the Mano"},"geometry":{"type":"LineString","coordinates":[[-11.55,6.8],[-11.0,7.45],[-10.8057,7.6498],[-10.7219,7.7592],[-10.6806,7.8481],[-10.6661,7.8992],[-10.6471,8.0082],[-10.6222,8.238],[-10.6,8.35],[-10.5473,8.5159],[-10.4,8.9]]}},
{"type":"Feature","properties":{"id":"liberia-mali","nations":"liberia | mali","follows":"the Guinea highlands between Macenta and Nimba"},"geometry":{"type":"LineString","coordinates":[[-10.4,8.9],[-10.0425,8.9459],[-9.8614,8.9539],[-9.6613,8.9297],[-9.5189,8.8969],[-9.3758,8.8544],[-9.1,8.75],[-8.9719,8.6892],[-8.8457,8.6193],[-8.4606,8.3741],[-8.15,8.15]]}},
{"type":"Feature","properties":{"id":"liberia-kong","nations":"liberia | kong","follows":"the Cavalla"},"geometry":{"type":"LineString","coordinates":[[-8.15,8.15],[-8.2618,7.5409],[-8.3355,7.2378],[-8.3526,7.1173],[-8.35,7.0],[-8.3251,6.8857],[-8.2834,6.773],[-8.2291,6.6624],[-8.1666,6.5545],[-8.1,6.45],[-8.0183,6.3466],[-7.7728,6.1063],[-7.6858,6.0045],[-7.65,5.95],[-7.5911,5.8386],[-7.5411,5.7222],[-7.5006,5.6014],[-7.4587,5.4139],[-7.445,5.278],[-7.4453,5.2026],[-7.4579,5.046],[-7.52,4.6],[-7.55,4.2]]}},
{"type":"Feature","properties":{"id":"mali-kong","nations":"mali | kong","follows":"the Niger-Volta watershed, the Banfora cliff, then the Niger's southern rim"},"geometry":{"type":"LineString","coordinates":[[-1.9526,13.9897],[-1.9969,13.9977],[-2.0687,14.0],[-2.1531,13.9859],[-2.1859,13.9648],[-2.1953,13.9508],[-2.2023,13.8992],[-2.2234,13.8641],[-2.2492,13.8523],[-2.3031,13.8477],[-2.3406,13.8359],[-2.4156,13.7844],[-2.4648,13.7211],[-2.4859,13.6672],[-2.4977,13.6039],[-2.5047,13.468],[-2.5156,13.4203],[-2.5328,13.3883],[-2.5672,13.3641],[-2.5844,13.3438],[-2.5953,13.3172],[-2.6,13.2656],[-2.6117,13.2328],[-2.6391,13.2062],[-2.682,13.1859],[-2.8266,13.1469],[-2.8461,13.1344],[-2.8523,13.1156],[-2.8734,13.0969],[-2.95,13.0656],[-2.9781,13.0469],[-2.9812,13.0344],[-2.9672,13.0141],[-2.9625,12.9812],[-2.9875,12.8641],[-2.9828,12.8523],[-2.9664,12.8484],[-2.9547,12.8344],[-2.9508,12.7828],[-2.9578,12.7594],[-2.9836,12.7469],[-2.9922,12.7313],[-3.0023,12.6133],[-3.0141,12.5672],[-3.0352,12.5242],[-3.1008,12.4469],[-3.1359,12.3906],[-3.1477,12.3531],[-3.1594,12.2734],[-3.1734,12.257],[-3.2172,12.2469],[-3.2344,12.2313],[-3.2484,12.1844],[-3.2594,12.0719],[-3.2734,12.0359],[-3.3062,11.9937],[-3.3687,11.9547],[-3.4187,11.9523],[-3.4688,11.9852],[-3.5188,12.0508],[-3.5563,12.0859],[-3.5938,12.1],[-3.6344,12.0906],[-3.6453,12.0766],[-3.6523,12.0312],[-3.6641,12.0062],[-3.6992,11.9687],[-3.7766,11.9062],[-3.7977,11.8687],[-3.8023,11.8305],[-3.8141,11.8016],[-3.9125,11.6758],[-3.9312,11.6102],[-3.9203,11.5148],[-3.9312,11.4766],[-3.9609,11.4477],[-4.0687,11.4133],[-4.1344,11.3734],[-4.1625,11.3352],[-4.193,11.2469],[-4.2211,11.2094],[-4.2711,11.1961],[-4.3078,11.1766],[-4.5031,11.0086],[-4.5656,10.9734],[-4.6281,10.9539],[-4.7187,10.9516],[-4.7844,10.9656],[-4.8125,10.9828],[-4.8406,11.0242],[-4.8594,11.0336],[-4.8883,11.0164],[-4.9203,11.0078],[-5.1031,10.9969],[-5.1875,10.9688],[-5.2281,10.9344],[-5.2695,10.8656],[-5.3141,10.8187],[-5.3477,10.8031],[-5.4031,10.7969],[-5.4406,10.7812],[-5.4969,10.7344],[-5.5859,10.6312],[-5.6164,10.6094],[-5.6562,10.6],[-5.6789,10.5859],[-5.707,10.5297],[-5.7516,10.3375],[-5.782,10.2719],[-5.8063,10.2437],[-5.8383,10.2258],[-5.8797,10.2172],[-5.9305,10.218],[-6.018,10.2305],[-6.0414,10.2289],[-6.0766,10.2141],[-6.0961,10.1836],[-6.1047,10.0945],[-6.1156,10.0609],[-6.1328,10.0367],[-6.1672,10.0141],[-6.1844,9.9937],[-6.1984,9.9516],[-6.2047,9.8734],[-6.2117,9.857],[-6.2336,9.843],[-6.2383,9.8289],[-6.2477,9.7445],[-6.2547,9.4656],[-6.2664,9.3906],[-6.2781,9.3719],[-6.3422,9.3391],[-6.4312,9.3062],[-6.5016,9.2852],[-6.5531,9.2797],[-6.5719,9.2828],[-6.5953,9.3008],[-6.6031,9.3516],[-6.6187,9.3812],[-6.6469,9.4047],[-6.6875,9.4219],[-6.7812,9.4375],[-6.7969,9.4328],[-6.8023,9.4164],[-6.8234,9.4047],[-6.8844,9.4],[-6.9172,9.407],[-6.9547,9.4352],[-7.0109,9.5437],[-7.0844,9.6016],[-7.0984,9.632],[-7.1047,9.6789],[-7.1156,9.6984],[-7.1437,9.7219],[-7.1789,9.7312],[-7.207,9.7125],[-7.2531,9.6141],[-7.2883,9.593],[-7.307,9.4977],[-7.3422,9.4641],[-7.4055,9.4336],[-7.6469,9.3617],[-7.7156,9.3203],[-7.7406,9.2961],[-7.7719,9.2406],[-7.793,9.1562],[-7.8109,9.1156],[-7.832,9.0875],[-7.8664,9.0648],[-7.8797,9.0484],[-7.882,9.018],[-7.8695,8.9828],[-7.8766,8.9656],[-7.9164,8.9516],[-8.0312,8.9422],[-8.0469,8.9336],[-8.0617,8.907],[-8.0891,8.8891],[-8.1906,8.8437],[-8.2468,8.8277],[-8.15,8.15]]}},
{"type":"Feature","properties":{"id":"mali-songhai","nations":"mali | songhai","follows":"the Tossaye narrows of the Niger, the Gourma and the eastern foot of the Hombori hills"},"geometry":{"type":"LineString","coordinates":[[-0.35,17.25],[-0.55,16.9],[-0.85,16.3],[-1.1322,15.8163],[-1.25,15.6],[-1.36,15.3655],[-1.9526,13.9897]]}},
{"type":"Feature","properties":{"id":"mali-air","nations":"mali | air","follows":"the western foot of the Adrar des Ifoghas"},"geometry":{"type":"LineString","coordinates":[[0.85,19.55],[0.4904,18.7838],[0.1324,18.0531],[-0.0281,17.7645],[-0.35,17.25]]}},
{"type":"Feature","properties":{"id":"kong-songhai","nations":"kong | songhai","follows":"the Volta-Niger watershed"},"geometry":{"type":"LineString","coordinates":[[-1.9526,13.9897],[-1.8906,13.9648],[-1.8281,13.9],[-1.7875,13.8781],[-1.7031,13.8687],[-1.5703,13.8859],[-1.5141,13.8859],[-1.5,13.8781],[-1.4906,13.8578],[-1.432,13.8469],[-1.4109,13.8312],[-1.393,13.8031],[-1.3648,13.7148],[-1.3391,13.6609],[-1.318,13.6367],[-1.2828,13.6133],[-1.2656,13.5891],[-1.2547,13.5555],[-1.2461,13.4648],[-1.2266,13.4266],[-1.1914,13.3977],[-1.082,13.3625],[-1.0391,13.3344],[-1.0117,13.2937],[-1.0039,13.2687],[-0.9961,13.1812],[-0.9766,13.1344],[-0.9414,13.1],[-0.8906,13.0781],[-0.8594,13.0719],[-0.8328,13.057],[-0.8109,13.0336],[-0.7937,13.0016],[-0.7734,12.9117],[-0.7719,12.7875],[-0.7812,12.5906],[-0.7719,12.5062],[-0.75,12.4594],[-0.7344,12.45],[-0.6828,12.4406],[-0.6562,12.4187],[-0.6359,12.3844],[-0.6117,12.3164],[-0.5797,12.2859],[-0.532,12.2711],[-0.3977,12.2812],[-0.3203,12.2719],[-0.2883,12.25],[-0.2578,12.1992],[-0.2062,12.1734],[-0.1687,12.1641],[-0.0703,12.1523],[0.1203,12.1469],[0.2188,12.1312],[0.2859,12.1031],[0.3078,12.0844],[0.3219,12.0625],[0.3453,11.9969],[0.3688,11.9687],[0.3984,11.9531],[0.4344,11.95],[0.4672,11.957],[0.4938,11.9734],[0.5141,11.9992],[0.5375,12.0516],[0.5844,12.0938],[0.6313,12.1141],[0.7508,12.1477],[0.8078,12.1766],[0.8617,12.2148],[0.9602,12.3031],[1.0047,12.3312],[1.0656,12.35],[1.1148,12.3477],[1.143,12.3383],[1.1523,12.3156],[1.1734,12.2969],[1.2508,12.2648],[1.2859,12.2391],[1.2977,12.218],[1.3016,12.1813],[1.3156,12.1437],[1.3438,12.1062],[1.3711,12.0828],[1.4297,12.0594],[1.5703,12.0469],[1.625,12.0312],[1.6734,12.0031],[1.7523,11.9172],[1.8016,11.8844],[1.8305,11.8859],[1.8711,11.9172],[1.9297,11.9406],[1.9805,11.9484],[2.068,11.9484],[2.1109,11.9406],[2.1383,11.9266],[2.15,11.9062],[2.1547,11.8734],[2.1656,11.8594],[2.2172,11.8477],[2.2344,11.8359],[2.35,11.95]]}},
{"type":"Feature","properties":{"id":"kong-dahomey","nations":"kong | dahomey","follows":"the Pendjari and the Atakora's northern end"},"geometry":{"type":"LineString","coordinates":[[2.35,11.95],[2.0614,11.6419],[1.95,11.5],[1.8548,11.3406],[1.6624,10.9449]]}},
{"type":"Feature","properties":{"id":"kong-tem","nations":"kong | tem","follows":"the Volta and the Oti"},"geometry":{"type":"LineString","coordinates":[[0.72,5.6],[0.6501,5.8397],[0.6553,5.8738],[0.6284,5.9422],[0.609,5.9654],[0.5046,6.0542],[0.4326,6.0782],[0.4186,6.0773],[0.3664,6.0402],[0.3347,6.0405],[0.2482,6.0964],[0.1621,6.097],[0.1443,6.1024],[0.0972,6.1381],[0.0898,6.1653],[0.1033,6.2264],[0.0781,6.2949],[0.1033,6.3382],[0.1225,6.4067],[0.1038,6.5023],[0.1088,6.542],[0.1348,6.6356],[0.1677,6.6713],[0.2106,6.6972],[0.2161,6.7204],[0.2062,6.7727],[0.1865,6.7945],[0.1536,6.81],[0.1427,6.8333],[0.1609,6.8939],[0.2123,6.9522],[0.2151,6.9784],[0.2068,7.035],[0.2278,7.1137],[0.22,7.2161],[0.237,7.2691],[0.2411,7.3128],[0.2366,7.3425],[0.2272,7.3555],[0.2067,7.3711],[0.1356,7.4006],[0.1272,7.4114],[0.1179,7.4912],[0.0755,7.5757],[0.0964,7.6642],[0.1299,7.7399],[0.1225,7.8218],[0.1331,7.8518],[0.0999,7.8707],[0.1001,7.8951],[0.0678,7.9335],[0.0653,7.9514],[0.0983,7.9635],[0.1294,8.0009],[0.1049,8.0345],[0.1013,8.054],[0.114,8.0645],[0.1572,8.0634],[0.1973,8.0842],[0.2031,8.0999],[0.1696,8.1368],[0.1779,8.1729],[0.1704,8.1972],[0.1423,8.2005],[0.1293,8.214],[0.1386,8.2302],[0.1979,8.256],[0.189,8.3143],[0.1924,8.3269],[0.2349,8.3325],[0.2466,8.3507],[0.2324,8.3837],[0.2197,8.392],[0.1276,8.3813],[0.0968,8.3907],[0.0917,8.4514],[0.1269,8.4731],[0.101,8.4951],[0.093,8.5126],[0.1059,8.555],[0.1295,8.5911],[0.1549,8.5849],[0.1736,8.593],[0.1679,8.6124],[0.1492,8.6348],[0.1481,8.6531],[0.1913,8.728],[0.1791,8.8134],[0.1935,8.8284],[0.2331,8.8292],[0.2053,8.8764],[0.197,8.9024],[0.2296,8.9664],[0.2604,8.98],[0.2747,9.0074],[0.3027,9.007],[0.3051,9.0204],[0.2944,9.0353],[0.2768,9.0255],[0.2265,9.022],[0.2058,9.0284],[0.1917,9.0417],[0.1962,9.0524],[0.213,9.0594],[0.2792,9.0633],[0.2905,9.0695],[0.2747,9.0831],[0.2257,9.0876],[0.1916,9.107],[0.1855,9.1395],[0.1984,9.1929],[0.1752,9.2836],[0.2467,9.2885],[0.258,9.3081],[0.2527,9.333],[0.2367,9.3545],[0.2023,9.3734],[0.2031,9.3955],[0.2129,9.4188],[0.2343,9.4439],[0.2274,9.4741],[0.2847,9.4885],[0.3014,9.5076],[0.2926,9.5184],[0.2529,9.5145],[0.2327,9.5258],[0.2226,9.5413],[0.2296,9.5759],[0.304,9.5717],[0.3218,9.5833],[0.354,9.5713],[0.3771,9.5895],[0.3686,9.6103],[0.3488,9.6141],[0.3081,9.6038],[0.2771,9.6072],[0.2611,9.6281],[0.2603,9.6573],[0.2747,9.6857],[0.3181,9.6488],[0.3464,9.6633],[0.3471,9.699],[0.3232,9.7422],[0.3218,9.7609],[0.3437,9.8499],[0.3412,9.904],[0.3695,9.9472],[0.3491,10.029],[0.3933,10.0327],[0.3976,10.0523],[0.3945,10.0725],[0.3628,10.0899],[0.3529,10.1157],[0.3566,10.2202],[0.3716,10.2653],[0.4038,10.2891],[0.4181,10.3096],[0.443,10.3134],[0.4785,10.2991],[0.5084,10.3016],[0.5136,10.317],[0.5061,10.3295],[0.48,10.3445],[0.4795,10.3574],[0.4919,10.3662],[0.541,10.3642],[0.5583,10.381],[0.528,10.3915],[0.4993,10.4241],[0.5092,10.4533],[0.5283,10.4808],[0.528,10.5082],[0.5575,10.5069],[0.5656,10.5585],[0.5894,10.5765],[0.5984,10.5612],[0.6282,10.5581],[0.644,10.5491],[0.6662,10.5546],[0.6787,10.5665],[0.6763,10.6166],[0.689,10.6379],[0.7161,10.6549],[0.7265,10.6447],[0.7682,10.6727],[0.7456,10.7368],[0.7451,10.7684],[0.7607,10.7894],[0.7731,10.7875],[0.7883,10.7954],[0.8441,10.8391],[0.8537,10.8537],[0.8535,10.8862],[0.8327,10.902],[0.8364,10.9195],[0.8639,10.9547],[0.8737,10.9501],[0.8998,10.9069],[0.9158,10.9053],[0.9311,10.9139],[0.932,10.941],[0.917,10.9664],[0.967,10.9797],[0.9626,11.0084],[0.9513,11.0213],[0.9555,11.0449],[0.9697,11.0696],[0.9854,11.0787],[1.0075,11.0752],[1.0327,11.0518],[1.0863,11.0529],[1.1135,11.0278],[1.1181,11.0484],[1.1067,11.06],[1.0946,11.1046],[1.085,11.1089],[1.0833,11.1279],[1.0729,11.1341],[1.0627,11.1271],[1.0669,11.1444],[1.1057,11.1558],[1.1274,11.1791],[1.1579,11.1661],[1.1488,11.2174],[1.13,11.2477],[1.1349,11.2603],[1.1653,11.2781],[1.1855,11.264],[1.2185,11.2682],[1.2677,11.2481],[1.2798,11.2888],[1.2677,11.3064],[1.2839,11.3129],[1.3088,11.2972],[1.3229,11.2972],[1.3298,11.289],[1.3472,11.3037],[1.3298,11.3474],[1.3384,11.3663],[1.3975,11.3989],[1.3892,11.4286],[1.3975,11.4404],[1.4333,11.4596],[1.4391,11.4739],[1.4748,11.461],[1.5688,11.4535],[1.5626,11.4261],[1.5801,11.4273],[1.601,11.3889],[1.7185,11.4279],[1.7817,11.4261],[1.84,11.4456],[1.8793,11.445],[1.9053,11.433],[1.901,11.4002],[1.871,11.3237],[1.8667,11.2932],[1.8245,11.2534],[1.8295,11.2338],[1.8103,11.2118],[1.7659,11.1907],[1.7521,11.1708],[1.7415,11.1307],[1.7429,11.1137],[1.7544,11.0978],[1.7415,11.0757],[1.7407,11.0562],[1.6989,10.9971],[1.693,10.9675],[1.6592,10.9398],[1.6624,10.9449]]}},
{"type":"Feature","properties":{"id":"tem-dahomey","nations":"tem | dahomey","follows":"the Mono, then the eastern foot of the Atakora"},"geometry":{"type":"LineString","coordinates":[[1.68,6.15],[1.62,6.9],[1.5417,7.3906],[1.5249,7.53],[1.5166,7.7398],[1.5268,8.0201],[1.5655,8.4402],[1.65,9.0],[1.7024,9.4227],[1.7357,9.6315],[1.7681,9.7667],[1.7915,9.8331],[1.9232,10.1596],[1.9496,10.2871],[1.95,10.35],[1.9407,10.4113],[1.8991,10.5318],[1.8363,10.6503],[1.6624,10.9449]]}},
{"type":"Feature","properties":{"id":"songhai-dahomey","nations":"songhai | dahomey","follows":"the Mekrou, then the Niger"},"geometry":{"type":"LineString","coordinates":[[2.35,11.95],[2.6,12.15],[2.7424,12.443],[2.7863,12.4291],[2.8437,12.3994],[2.922,12.3358],[2.9445,12.2926],[2.9672,12.2827],[3.0088,12.2765],[3.0627,12.194],[3.2546,12.0189],[3.2693,11.9567],[3.3149,11.8947],[3.3411,11.8831],[3.3687,11.8975],[3.3803,11.8952],[3.447,11.8582],[3.4306,11.8682]]}},
{"type":"Feature","properties":{"id":"dahomey-nigeria","nations":"dahomey | nigeria","follows":"the Okpara and the Ogun-Oueme watershed"},"geometry":{"type":"LineString","coordinates":[[3.4306,11.8682],[3.549,11.5651],[3.5925,11.4062],[3.604,11.2809],[3.5929,11.0584],[3.5548,10.8259],[3.4779,10.5279],[3.4232,10.3864],[3.2,9.9],[3.0668,9.5543],[2.9938,9.344],[2.8886,8.9667],[2.8054,8.5646],[2.7688,8.312],[2.7511,8.131],[2.7336,7.8549],[2.7179,7.4262],[2.72,6.8],[2.74,6.2]]}},
{"type":"Feature","properties":{"id":"songhai-nigeria","nations":"songhai | nigeria","follows":"the Dallol Maouri"},"geometry":{"type":"LineString","coordinates":[[3.4306,11.8682],[3.6406,12.3032],[3.6952,12.4328],[3.7449,12.5753],[3.8087,12.8116],[3.9005,13.2195],[4.0973,14.0194],[4.1986,14.3538],[4.4,14.95]]}},
{"type":"Feature","properties":{"id":"songhai-air","nations":"songhai | air","follows":"the southern edge of the Azawagh and the lower Tilemsi"},"geometry":{"type":"LineString","coordinates":[[4.4,14.95],[2.7082,15.9822],[2.1472,16.2902],[1.6583,16.5375],[1.3,16.7],[0.9888,16.8212],[0.2296,17.0729],[-0.35,17.25]]}},
{"type":"Feature","properties":{"id":"nigeria-air","nations":"nigeria | air","follows":"the Tiguidit escarpment and the Damergou"},"geometry":{"type":"LineString","coordinates":[[4.4,14.95],[5.0279,15.3279],[5.3,15.5],[5.4947,15.64],[5.8842,15.947],[6.0868,16.087],[6.1919,16.1477],[6.3,16.2],[6.4117,16.2451],[6.6436,16.3205],[6.884,16.3775],[7.0064,16.3997],[7.2532,16.4321],[7.5,16.45],[7.6284,16.4527],[7.7591,16.4497],[8.0248,16.4293],[8.2908,16.3941],[8.5512,16.3492],[8.9071,16.2771],[9.118,16.2267],[9.323,16.1701],[9.5207,16.1071],[9.8,16.0],[10.0223,15.8894],[10.5,15.6]]}},
{"type":"Feature","properties":{"id":"air-kanem","nations":"air | kanem","follows":"the Tenere"},"geometry":{"type":"LineString","coordinates":[[10.5,15.6],[10.9076,16.5524],[11.0467,16.9345],[11.184,17.3491],[11.3063,17.7739],[11.3728,18.0583],[11.4231,18.339],[11.4752,18.7584],[11.4954,19.0392],[11.5038,19.3199],[11.5,19.6],[11.4918,19.7407],[11.4591,20.0237],[11.3387,20.7267],[11.3,21.0],[11.2341,21.6184],[11.2076,21.9746],[11.2,22.2],[11.2022,22.3793],[11.25,23.05]]}},
{"type":"Feature","properties":{"id":"nigeria-kanem","nations":"nigeria | kanem","follows":"the Manga, then the Komadugu Yobe into Lake Chad"},"geometry":{"type":"LineString","coordinates":[[10.5,15.6],[10.9471,14.7904],[11.2918,14.1997],[11.4754,13.9136],[11.6,13.75],[11.698,13.6441],[11.7978,13.5521],[12.1,13.3],[12.1842,13.1223],[12.2009,13.1256],[12.2665,13.0953],[12.2687,13.0861],[12.3004,13.0983],[12.3252,13.079],[12.3347,13.0847],[12.4137,13.0778],[12.4722,13.0644],[12.4861,13.071],[12.5039,13.1398],[12.5338,13.1461],[12.5474,13.1656],[12.5537,13.1877],[12.5446,13.2084],[12.5578,13.2267],[12.5605,13.2429],[12.6264,13.2884],[12.6294,13.3106],[12.6587,13.2867],[12.6826,13.2891],[12.6895,13.3122],[12.7238,13.3225],[12.7402,13.335],[12.7661,13.3658],[12.7979,13.3845],[12.7968,13.3998],[12.8295,13.4095],[12.8288,13.4205],[12.8633,13.4694],[12.8572,13.4851],[12.8792,13.4799],[12.8833,13.4962],[12.9111,13.4901],[12.9387,13.4952],[13.0543,13.5486],[13.0819,13.5508],[13.0876,13.5308],[13.1233,13.5336],[13.1229,13.5229],[13.1435,13.5508],[13.1531,13.5309],[13.1497,13.5229],[13.2275,13.5482],[13.2295,13.5779],[13.2581,13.608],[13.2587,13.6291],[13.3054,13.6749],[13.3,13.65],[14.1,13.05]]}},
{"type":"Feature","properties":{"id":"nigeria-cameroon","nations":"nigeria | cameroon","follows":"the Cameroon line (the Rumpi, Bamenda and Mambilla highlands, the Alantika and the Mandara crest)"},"geometry":{"type":"LineString","coordinates":[[8.5,4.4],[9.2116,5.6589],[9.5702,6.2133],[9.7573,6.4547],[9.9,6.6],[9.9856,6.6706],[10.078,6.7358],[10.278,6.8545],[10.6999,7.0774],[10.9,7.2],[11.368,7.5309],[11.6342,7.7455],[11.8,7.9],[12.0336,8.1599],[12.2499,8.441],[12.5418,8.8632],[12.6505,9.0422],[13.3,10.2],[13.6222,10.686],[13.7092,10.827],[13.9102,11.2151],[13.9835,11.3776],[14.0479,11.5401],[14.1,11.7],[14.1515,11.9122],[14.1847,12.1228],[14.1993,12.3312],[14.1978,12.466],[14.1842,12.5968],[14.1,13.05]]}},
{"type":"Feature","properties":{"id":"kanem-cameroon","nations":"kanem | cameroon","follows":"the Chari and the Logone"},"geometry":{"type":"LineString","coordinates":[[14.1,13.05],[14.45,12.95],[14.5187,12.9711],[14.5485,12.9164],[14.546,12.899],[14.5374,12.8879],[14.5497,12.8333],[14.5505,12.7717],[14.5688,12.7598],[14.5702,12.7506],[14.5844,12.7465],[14.6035,12.761],[14.6198,12.7542],[14.6238,12.742],[14.664,12.7161],[14.7095,12.7185],[14.7163,12.702],[14.7017,12.6692],[14.7131,12.6527],[14.7283,12.6774],[14.7428,12.6773],[14.7583,12.659],[14.7683,12.6334],[14.8186,12.639],[14.8302,12.6185],[14.8596,12.4903],[14.849,12.4572],[14.8718,12.4506],[14.8906,12.4029],[14.9058,12.3181],[14.8975,12.2197],[14.9111,12.1803],[14.8994,12.1719],[14.8975,12.153],[14.9644,12.0926],[14.9933,12.1069],[15.0299,12.1011],[15.049,12.0847],[15.05,12.1],[15.049,12.0847],[15.0403,12.0677],[15.0525,12.0382],[15.049,12.0121],[15.0764,11.983],[15.0479,11.963],[15.0627,11.9274],[15.0415,11.9025],[15.0437,11.8775],[15.0505,11.8618],[15.0793,11.8513],[15.1104,11.7831],[15.083,11.7484],[15.0967,11.7279],[15.0678,11.7003],[15.0659,11.6808],[15.0847,11.616],[15.1234,11.5633],[15.1352,11.531],[15.1218,11.5034],[15.0756,11.4535],[15.0601,11.4163],[15.049,11.3489],[15.0559,11.2936],[15.0278,11.2446],[15.0208,11.1827],[15.0347,10.9948],[15.0786,10.8983],[15.0625,10.8309],[15.0653,10.7933],[15.1494,10.6233],[15.1318,10.5655],[15.1377,10.5218],[15.2177,10.4874],[15.2407,10.4331],[15.2778,10.3944],[15.29,10.3292],[15.4387,10.1854],[15.4758,10.1329],[15.5355,10.0808],[15.6024,10.0411],[15.6374,10.0301],[15.7144,9.9627],[15.7064,9.9412],[15.7152,9.9296],[15.7421,9.9265],[15.7542,9.906],[15.7921,9.8837],[15.8127,9.861],[15.823,9.8292],[15.8152,9.7713],[15.823,9.7547],[15.912,9.7311],[16.0319,9.6281],[16.1472,9.5584],[16.1931,9.5465],[16.2191,9.5285],[16.2632,9.4586],[16.3152,9.3087],[16.3376,9.2962],[16.3789,9.225],[16.4203,9.1807],[16.433,9.1514],[16.4351,9.1275],[16.4604,9.0694],[16.4895,9.0214],[16.5182,8.9835],[16.5381,8.9811],[16.5544,8.9484],[16.584,8.9301],[16.5959,8.9026],[16.5969,8.881],[16.5132,8.7531],[16.4902,8.7324],[16.4093,8.7066],[16.3796,8.6576],[16.3647,8.6485],[16.2874,8.6403],[16.145,8.5974],[16.0986,8.5607],[16.05,8.6],[15.8131,8.1035],[15.7,7.9],[15.5728,7.7138],[15.25,7.3]]}},
{"type":"Feature","properties":{"id":"kanem-car","nations":"kanem | car","follows":"the northern foot of the Ubangi plateau, then the Bahr Aouk"},"geometry":{"type":"LineString","coordinates":[[15.25,7.3],[15.765,7.5215],[16.0,7.6],[16.0932,7.6223],[16.288,7.6549],[16.6958,7.7006],[16.8999,7.73],[17.5108,7.8639],[17.712,7.9238],[17.8103,7.9602],[18.0,8.05],[18.0973,8.11],[18.2832,8.2536],[18.4613,8.4191],[18.7229,8.6821],[18.8108,8.7678],[18.9,8.85],[18.886,8.8361],[18.8693,8.8496],[18.8691,8.8643],[18.8922,8.8981],[18.9101,8.8944],[18.9223,8.9184],[18.9714,8.9384],[18.999,8.9698],[19.0602,9.0043],[19.1001,9.0154],[19.1682,9.0024],[19.1916,9.0203],[19.2529,9.0281],[19.2949,9.0097],[19.3043,9.021],[19.3517,9.0023],[19.3821,9.0034],[19.4204,9.0176],[19.5154,9.0096],[19.5532,9.0135],[19.613,9.0319],[19.6396,9.0142],[19.6558,9.0214],[19.6995,9.0208],[19.7377,9.0395],[19.7842,9.0489],[19.8889,9.0465],[19.9016,9.0519],[19.9138,9.0694],[19.9429,9.066],[19.9685,9.0831],[19.9924,9.0847],[20.0063,9.1104],[20.0305,9.1104],[20.06,9.1346],[20.0764,9.1369],[20.0902,9.1313],[20.1091,9.1514],[20.137,9.122],[20.1541,9.1166],[20.2122,9.1451],[20.2565,9.1166],[20.3778,9.1202],[20.4119,9.1422],[20.4347,9.1383],[20.4548,9.1595],[20.4812,9.2049],[20.5066,9.2134],[20.5126,9.2241],[20.4956,9.2711],[20.5331,9.2898],[20.5377,9.3121],[20.5503,9.3204],[20.5718,9.3084],[20.6674,9.3022],[20.6544,9.3431],[20.7404,9.3773],[20.7919,9.4142],[21.4,9.6],[21.9677,10.0901],[22.2,10.3],[22.4017,10.4951],[22.85,10.95]]}},
{"type":"Feature","properties":{"id":"kanem-sudan","nations":"kanem | sudan","follows":"the Ennedi's eastern foot, the Wadi Howar's head, and the Dar Masalit"},"geometry":{"type":"LineString","coordinates":[[23.7,20.85],[23.4119,19.9815],[23.3355,19.7286],[23.2651,19.4639],[23.1713,19.0469],[23.0,18.2],[22.7827,17.2206],[22.6761,16.6601],[22.5,15.4],[22.3541,14.6141],[22.3168,14.356],[22.3053,14.2278],[22.3,14.1],[22.306,13.856],[22.3282,13.6134],[22.3623,13.3729],[22.4747,12.7868],[22.5351,12.5613],[22.7002,12.0108],[22.75,11.8],[22.7909,11.538],[22.85,10.95]]}},
{"type":"Feature","properties":{"id":"car-sudan","nations":"car | sudan","follows":"the Dar Fertit"},"geometry":{"type":"LineString","coordinates":[[22.85,10.95],[23.1929,10.2203],[23.35,9.9],[23.5395,9.5358],[24.0102,8.6649]]}},
{"type":"Feature","properties":{"id":"cameroon-car","nations":"cameroon | car","follows":"the eastern foot of the Adamawa and the Kadei"},"geometry":{"type":"LineString","coordinates":[[15.25,7.3],[14.8779,6.6795],[14.7878,6.4952],[14.6805,6.1989],[14.5932,5.8846],[14.5563,5.6706],[14.5444,5.4564],[14.55,5.35],[14.5661,5.2353],[14.5925,5.1193],[14.6276,5.0024],[14.7186,4.768],[14.8276,4.5359],[15.0573,4.0942],[15.2516,3.7843],[15.65,3.2],[16.1,2.45]]}},
{"type":"Feature","properties":{"id":"cameroon-dn-kongo","nations":"cameroon | dn_kongo","follows":"the Ngoko and the Dja"},"geometry":{"type":"LineString","coordinates":[[16.1,2.45],[15.9424,2.3507],[15.6307,2.1383],[15.4695,2.053],[15.386,2.0216],[15.3,2.0],[15.207,1.9885],[15.1119,1.9868],[15.0147,1.9933],[14.8156,2.0256],[14.1821,2.1772],[13.8189,2.2762],[13.0781,2.5]]}},
{"type":"Feature","properties":{"id":"cameroon-gabon","nations":"cameroon | gabon","follows":"the upper Ntem"},"geometry":{"type":"LineString","coordinates":[[13.0781,2.5],[12.5413,2.274],[12.3,2.2],[12.2099,2.1819],[12.024,2.1577],[11.35,2.12]]}},
{"type":"Feature","properties":{"id":"cameroon-eq-guinea","nations":"cameroon | eq_guinea","follows":"the Ntem"},"geometry":{"type":"LineString","coordinates":[[9.7,2.36],[10.1158,2.24],[10.2377,2.2116],[10.3685,2.1899],[10.5869,2.1707],[11.0,2.15],[11.35,2.12]]}},
{"type":"Feature","properties":{"id":"eq-guinea-gabon","nations":"eq_guinea | gabon","follows":"the Muni estuary and the Utamboni"},"geometry":{"type":"LineString","coordinates":[[11.35,2.12],[11.3674,1.6771],[11.35,1.5],[11.3021,1.296],[11.2668,1.1997],[11.2177,1.1157],[11.15,1.05],[11.092,1.0199],[11.0227,1.0001],[10.858,0.9842],[10.388,1.001],[9.45,0.98]]}},
{"type":"Feature","properties":{"id":"gabon-dn-kongo","nations":"gabon | dn_kongo","follows":"the Ogooue's eastern watershed, the Bateke plateau, then the Chaillu to the sea"},"geometry":{"type":"LineString","coordinates":[[13.0781,2.5],[13.0953,2.5156],[13.1039,2.5672],[13.1234,2.5844],[13.182,2.5984],[13.268,2.5992],[13.3383,2.5883],[13.3563,2.5656],[13.3875,2.5531],[13.6563,2.507],[13.7312,2.4789],[13.75,2.4562],[13.757,2.4164],[13.7852,2.3695],[13.8344,2.3156],[13.8695,2.2875],[13.9164,2.2687],[13.9812,2.2836],[14.0062,2.2797],[14.0313,2.2664],[14.0938,2.2156],[14.1313,2.2016],[14.1672,2.1984],[14.1906,2.1844],[14.2094,2.1109],[14.2328,2.0852],[14.2672,2.0641],[14.2906,2.0312],[14.3023,1.9469],[14.3141,1.9094],[14.3352,1.8719],[14.4016,1.7875],[14.4313,1.7031],[14.4641,1.5063],[14.5031,1.0703],[14.5156,1.0117],[14.5219,1.0],[14.5328,0.9969],[14.5375,0.9812],[14.5219,0.8875],[14.5047,0.8422],[14.4813,0.8031],[14.3734,0.7016],[14.357,0.6695],[14.35,0.6156],[14.3359,0.5852],[14.3219,0.5734],[14.2797,0.557],[14.1203,0.5453],[14.0781,0.5344],[14.0547,0.5172],[14.0477,0.482],[14.0266,0.4516],[13.9484,0.4117],[13.9188,0.3797],[13.8859,0.3023],[13.8625,0.1469],[13.8672,0.1047],[13.8836,0.0977],[13.8953,0.0766],[13.8984,-0.0023],[13.8844,-0.0516],[13.8352,-0.118],[13.8297,-0.1391],[13.8508,-0.1648],[13.9359,-0.2031],[13.9617,-0.2383],[14.0086,-0.2477],[14.118,-0.2531],[14.1609,-0.2688],[14.1766,-0.2813],[14.1961,-0.3156],[14.2023,-0.3844],[14.2234,-0.4313],[14.2492,-0.4469],[14.3016,-0.4516],[14.3438,-0.4656],[14.3641,-0.4828],[14.4016,-0.5344],[14.4211,-0.5453],[14.4664,-0.5547],[14.4797,-0.5781],[14.482,-0.6484],[14.457,-0.7844],[14.4289,-0.8594],[14.3844,-0.9188],[14.375,-0.9438],[14.3781,-0.9688],[14.4063,-1.0063],[14.4164,-1.0305],[14.4328,-1.1734],[14.4281,-1.4219],[14.3984,-1.7766],[14.368,-1.9195],[14.3563,-1.9438],[14.3234,-1.9836],[14.3094,-2.0141],[14.2922,-2.1359],[14.2836,-2.1477],[14.2664,-2.1531],[14.2578,-2.1688],[14.243,-2.3078],[14.2148,-2.3641],[14.1352,-2.4313],[13.5788,-2.7246],[13.2962,-2.86],[13.1022,-2.9359],[13.0027,-2.9675],[12.4952,-3.1003],[12.2965,-3.1625],[12.0072,-3.2855],[11.7175,-3.4311],[11.4512,-3.5904],[11.2499,-3.7426],[11.122,-3.8758],[10.9,-4.15]]}},
{"type":"Feature","properties":{"id":"dn-kongo-car","nations":"dn_kongo | car","follows":"the Sangha-Lobaye watershed"},"geometry":{"type":"LineString","coordinates":[[16.1,2.45],[16.5075,2.9278],[16.6489,3.0747],[16.8,3.2],[16.8734,3.2493],[17.0252,3.3361],[17.183,3.4094],[17.3462,3.4717],[17.5143,3.5255],[17.6939,3.5732],[17.9884,3.6199],[18.5967,3.6787]]}},
{"type":"Feature","properties":{"id":"kongo-dn-kongo","nations":"ww_kongo | dn_kongo","follows":"the Ubangi and the Congo to the sea"},"geometry":{"type":"LineString","coordinates":[[18.5967,3.6787],[18.626,3.4633],[18.626,3.477],[18.634,3.4494],[18.6418,3.324],[18.6306,3.1791],[18.6191,3.145],[18.6125,3.1283],[18.5409,3.083],[18.528,3.065],[18.4669,2.899],[18.4247,2.8223],[18.4179,2.7819],[18.3927,2.7138],[18.3162,2.5845],[18.2326,2.5028],[18.1985,2.3892],[18.1632,2.3212],[18.1461,2.3161],[18.1106,2.2654],[18.0719,2.1602],[18.0802,2.0843],[18.0754,1.9886],[18.0811,1.9426],[18.0656,1.8591],[18.0708,1.5516],[18.0117,1.4221],[18.0015,1.3659],[17.9665,1.2539],[17.9629,1.1916],[17.9557,1.1717],[17.9143,1.1021],[17.892,1.0776],[17.866,1.0167],[17.8777,0.9473],[17.8773,0.868],[17.9071,0.7405],[17.8927,0.6078],[17.9179,0.5353],[17.9326,0.5273],[17.9495,0.4917],[17.945,0.3775],[17.9395,0.3614],[17.8535,0.2413],[17.7749,0.0265],[17.7566,-0.0093],[17.7158,-0.1957],[17.7157,-0.246],[17.7402,-0.346],[17.749,-0.5233],[17.7275,-0.5529],[17.6637,-0.6126],[17.6471,-0.6498],[17.6017,-0.6885],[17.4109,-0.9181],[17.3644,-0.9671],[17.33,-0.9864],[17.3074,-1.0148],[17.2449,-1.0357],[17.175,-1.048],[17.1083,-1.0755],[17.0281,-1.0943],[17.0055,-1.1066],[16.9087,-1.211],[16.8391,-1.2622],[16.725,-1.4798],[16.6921,-1.5228],[16.6357,-1.6206],[16.6233,-1.6537],[16.6166,-1.7285],[16.6037,-1.7538],[16.522,-1.8615],[16.5072,-1.8901],[16.4695,-1.9126],[16.3821,-2.002],[16.2307,-2.1288],[16.1941,-2.1818],[16.1869,-2.2044],[16.1896,-2.2353],[16.1743,-2.3029],[16.1912,-2.3467],[16.1918,-2.395],[16.2251,-2.6351],[16.204,-2.7825],[16.1765,-2.8823],[16.1877,-2.9763],[16.1852,-3.1363],[16.1986,-3.1717],[16.1929,-3.2382],[16.1981,-3.2593],[16.2217,-3.279],[16.2251,-3.313],[16.207,-3.3617],[16.1579,-3.4471],[16.115,-3.5441],[16.0527,-3.62],[16.0048,-3.7246],[15.9906,-3.7388],[15.9738,-3.7863],[15.9298,-3.8584],[15.9118,-3.9172],[15.8825,-3.9452],[15.8437,-3.9654],[15.7996,-3.9785],[15.7107,-3.9921],[15.5662,-4.0379],[15.5332,-4.0578],[15.5205,-4.0767],[15.4899,-4.175],[15.4584,-4.2137],[15.3861,-4.2441],[15.2034,-4.3388],[15.1875,-4.372],[15.0974,-4.4998],[15.0756,-4.52],[15.0222,-4.5468],[15.0077,-4.5708],[14.9304,-4.6467],[14.8408,-4.8],[14.8149,-4.8278],[14.7681,-4.8481],[14.7018,-4.8895],[14.6723,-4.8997],[14.6339,-4.9035],[14.5791,-4.8762],[14.5664,-4.8604],[14.5319,-4.856],[14.5193,-4.8411],[14.501,-4.8405],[14.4695,-4.852],[14.4491,-4.8739],[14.4176,-4.8831],[14.3725,-4.9084],[14.3181,-4.9177],[14.2094,-4.9165],[14.1728,-4.9223],[14.1465,-4.9377],[14.0784,-5.0109],[14.0541,-5.0279],[14.0312,-5.0317],[14.0143,-5.0134],[13.9844,-5.0496],[13.98,-5.0649],[13.9875,-5.1115],[13.9755,-5.1679],[13.9579,-5.1957],[13.9314,-5.2129],[13.8936,-5.2188],[13.8757,-5.2339],[13.853,-5.3],[13.8252,-5.315],[13.8064,-5.3078],[13.7799,-5.2751],[13.7603,-5.2666],[13.7395,-5.2699],[13.7253,-5.2809],[13.7202,-5.2969],[13.7262,-5.315],[13.6881,-5.307],[13.6228,-5.2797],[13.5891,-5.2946],[13.5344,-5.3457],[13.5276,-5.3798],[13.5316,-5.3914],[13.5618,-5.4106],[13.6172,-5.5155],[13.5479,-5.5366],[13.5732,-5.5879],[13.5823,-5.6434],[13.5798,-5.6735],[13.5688,-5.6944],[13.531,-5.729],[13.4877,-5.7826],[13.4247,-5.8037],[13.4177,-5.8389],[13.4038,-5.851],[13.3799,-5.8563],[13.342,-5.8905],[13.3104,-5.874],[13.2688,-5.8635],[13.1843,-5.8563],[12.3,-6.02],[12.05,-6.1]]}},
{"type":"Feature","properties":{"id":"kongo-car","nations":"ww_kongo | car","follows":"the Ubangi and the Mbomou"},"geometry":{"type":"LineString","coordinates":[[18.5967,3.6787],[18.5925,3.7099],[18.6123,3.8339],[18.613,3.9017],[18.6411,3.9584],[18.646,4.0462],[18.6323,4.1306],[18.6191,4.1697],[18.5722,4.2659],[18.5446,4.2891],[18.5366,4.3062],[18.5563,4.3543],[18.5759,4.3729],[18.6334,4.3561],[18.6737,4.3615],[18.7205,4.3775],[18.7528,4.4008],[18.7764,4.4336],[18.8278,4.5601],[18.852,4.5943],[18.886,4.6216],[18.904,4.656],[18.9275,4.6666],[18.9618,4.7246],[19.0111,4.7652],[19.0193,4.8035],[19.0436,4.827],[19.0574,4.868],[19.0828,4.9095],[19.1156,4.9406],[19.1325,4.9471],[19.1951,4.9505],[19.2365,5.0109],[19.2833,5.0325],[19.3726,5.0877],[19.4083,5.1306],[19.4311,5.1361],[19.5166,5.1361],[19.5683,5.1553],[19.605,5.1384],[19.7283,5.134],[19.8241,5.0971],[19.8496,5.0739],[19.8904,5.0023],[20.0033,4.9746],[20.0858,4.9164],[20.1711,4.8785],[20.236,4.8065],[20.3384,4.772],[20.3732,4.7246],[20.3949,4.6773],[20.4201,4.6625],[20.456,4.6216],[20.4625,4.6011],[20.4416,4.5507],[20.4517,4.5291],[20.5797,4.4152],[20.6025,4.4099],[20.6879,4.4229],[20.7673,4.4229],[20.7913,4.4263],[20.8318,4.4509],[20.8708,4.4536],[20.963,4.4339],[21.0756,4.3956],[21.113,4.341],[21.1496,4.3269],[21.1576,4.3104],[21.2024,4.2968],[21.2229,4.2926],[21.2578,4.3262],[21.2877,4.3336],[21.3743,4.2783],[21.4164,4.2703],[21.4597,4.2721],[21.4966,4.2517],[21.5376,4.2448],[21.6335,4.2944],[21.7368,4.2936],[21.7815,4.2721],[21.8193,4.2721],[21.8671,4.2417],[21.9494,4.2337],[21.989,4.2444],[22.0084,4.2425],[22.0573,4.2197],[22.1272,4.2032],[22.1613,4.1734],[22.2068,4.1505],[22.3027,4.1289],[22.4221,4.135],[22.4568,4.1492],[22.4921,4.1742],[22.5399,4.2274],[22.5452,4.2461],[22.5388,4.2783],[22.5681,4.3317],[22.6088,4.3635],[22.6107,4.382],[22.5934,4.4025],[22.5864,4.4495],[22.6099,4.4844],[22.6752,4.4849],[22.689,4.4918],[22.6995,4.5413],[22.7305,4.5874],[22.7231,4.629],[22.7568,4.661],[22.7855,4.7248],[22.8022,4.7308],[22.8533,4.7114],[22.8647,4.7388],[22.895,4.7656],[22.8818,4.7886],[22.8823,4.8008],[22.8882,4.8133],[22.9054,4.8243],[22.9292,4.8208],[22.9644,4.8355],[22.977,4.8345],[22.9853,4.8266],[23.0168,4.7508],[23.0422,4.7432],[23.0989,4.7118],[23.1233,4.7158],[23.1681,4.7383],[23.2082,4.6907],[23.2514,4.6632],[23.2644,4.6352],[23.3014,4.6219],[23.3159,4.6079],[23.3534,4.6037],[23.3878,4.5874],[23.4279,4.6088],[23.4294,4.629],[23.4478,4.6596],[23.5056,4.6766],[23.5661,4.7246],[23.5875,4.7341],[23.6335,4.7453],[23.6721,4.7674],[23.7595,4.7875],[23.798,4.8149],[23.8278,4.8195],[23.8639,4.8163],[23.8813,4.827],[23.9478,4.8179],[23.9421,4.8406],[23.9459,4.8618],[23.9626,4.8689],[23.9775,4.8543],[24.0464,4.8891],[24.0891,4.9204],[24.1079,4.9232],[24.1387,4.9056],[24.1624,4.908],[24.1904,4.9444],[24.2292,4.9613],[24.2689,4.9433],[24.286,4.9952],[24.2961,5.0034],[24.3679,5.0126],[24.3856,5.0225],[24.3964,5.0484],[24.3713,5.0535],[24.3606,5.0631],[24.382,5.108],[24.401,5.1116],[24.4163,5.0734],[24.4301,5.0676],[24.4362,5.1008],[24.4591,5.1076],[24.5131,5.0874],[24.5324,5.0734],[24.5469,5.0466],[24.6096,5.0169],[24.6095,4.9968],[24.627,4.9771],[24.6703,4.9573],[24.6569,4.94],[24.6638,4.9245],[24.73,4.9176],[24.7493,4.9189],[24.7658,4.93],[24.7888,4.92],[24.8271,4.9421],[24.8477,4.9369],[24.9037,4.9669],[24.9688,4.9916],[25.0059,4.9811],[25.0399,4.9623],[25.0842,4.9544],[25.1046,4.999],[25.1289,5.0188],[25.1631,5.0057],[25.2271,5.0097],[25.2479,5.0243],[25.307,5.0325],[25.3203,5.0524],[25.3245,5.0883],[25.3386,5.1053],[25.348,5.1491],[25.3139,5.1634],[25.3072,5.1855],[25.335,5.2286],[25.3429,5.272],[25.3554,5.2866],[25.376,5.2932],[25.363,5.3107],[25.3951,5.3341],[25.4127,5.3237],[25.4346,5.3289],[25.4845,5.3555],[25.5039,5.3425],[25.5404,5.3546],[25.5432,5.3754],[25.5808,5.3751],[25.6,5.3406],[25.6138,5.3301],[25.6086,5.3204],[25.6228,5.3101],[25.6497,5.3204],[25.6685,5.3063],[25.6907,5.3],[25.7433,5.2508],[25.7712,5.2456],[25.7778,5.2693],[25.7917,5.263],[25.8097,5.2429],[25.8257,5.1949],[25.8489,5.2181],[25.872,5.2172],[25.8923,5.1854],[25.9104,5.1702],[25.925,5.2019],[25.9428,5.2043],[25.9581,5.1976],[25.9624,5.2247],[25.9854,5.2255],[26.0265,5.1901],[26.0367,5.1981],[26.0674,5.201],[26.0912,5.2192],[26.0879,5.2447],[26.104,5.2388],[26.1246,5.2488],[26.1295,5.259],[26.1438,5.252],[26.1567,5.2326],[26.1748,5.2338],[26.1841,5.2255],[26.1978,5.2385],[26.2065,5.2079],[26.2252,5.1992],[26.2256,5.1833],[26.2462,5.1901],[26.2534,5.1725],[26.2914,5.1511],[26.3359,5.1487],[26.3995,5.1338],[26.4413,5.1044],[26.4622,5.0598],[26.502,5.0476],[26.5278,5.0482],[26.5676,5.0598],[26.5795,5.0745],[26.5978,5.0808],[26.615,5.0784],[26.6292,5.0672],[26.6436,5.0785],[26.6671,5.0785],[26.6912,5.0945],[26.7532,5.0924],[26.8079,5.0393],[26.8257,5.0509],[26.839,5.0513],[26.8489,5.0393],[26.8665,5.0377],[26.8892,5.0623],[26.9,5.05],[27.401,5.0546]]}},
{"type":"Feature","properties":{"id":"car-south-sudan","nations":"car | south_sudan","follows":"the Congo-Nile divide"},"geometry":{"type":"LineString","coordinates":[[27.401,5.0546],[27.3977,5.1016],[27.3859,5.1312],[27.3648,5.1547],[27.2984,5.1914],[27.2688,5.2391],[27.2359,5.3633],[27.2047,5.5852],[27.1813,5.6609],[27.1516,5.7086],[27.1344,5.7219],[27.0641,5.7531],[27.0523,5.7656],[27.0469,5.7836],[27.0313,5.7922],[26.9156,5.8016],[26.8688,5.8156],[26.8531,5.8328],[26.8477,5.868],[26.8266,5.8984],[26.7234,5.9469],[26.707,5.9594],[26.6906,5.9883],[26.6531,5.9977],[26.5656,6.0031],[26.5313,6.0188],[26.5187,6.0312],[26.5031,6.0656],[26.4953,6.1578],[26.4844,6.1969],[26.4672,6.2297],[26.4438,6.2562],[26.4063,6.2844],[26.3336,6.3062],[26.3203,6.3375],[26.3172,6.3625],[26.3336,6.6062],[26.3297,6.6625],[26.3164,6.6937],[26.2711,6.7047],[26.2516,6.7156],[26.2141,6.7672],[26.1938,6.7844],[26.1672,6.7953],[26.0984,6.8039],[26.0688,6.8234],[26.0359,6.882],[26.0219,6.9406],[26.0,6.9961],[25.9438,7.0617],[25.7656,7.1562],[25.6938,7.2344],[25.6672,7.2453],[25.5688,7.2594],[25.5453,7.2734],[25.5141,7.3172],[25.4937,7.3344],[25.4672,7.3453],[25.3734,7.3594],[25.357,7.3734],[25.3469,7.418],[25.3313,7.4391],[25.2844,7.4648],[25.218,7.4859],[25.1953,7.5062],[25.1922,7.5187],[25.2023,7.5484],[25.2648,7.6219],[25.2859,7.6594],[25.2977,7.6969],[25.2953,7.7695],[25.2766,7.8164],[25.2563,7.8437],[25.2016,7.8844],[25.1695,7.8953],[25.0781,7.907],[25.0406,7.9234],[25.0031,7.9492],[24.9234,8.0359],[24.9023,8.0805],[24.8969,8.1172],[24.8688,8.1406],[24.7188,8.1578],[24.7031,8.1664],[24.6883,8.1906],[24.6609,8.2031],[24.4734,8.2531],[24.4539,8.2656],[24.4453,8.2875],[24.4125,8.2672],[24.3656,8.2625],[24.2594,8.2781],[24.2336,8.2891],[24.1984,8.325],[24.1891,8.35],[24.1867,8.4141],[24.2063,8.4969],[24.207,8.5359],[24.1961,8.5703],[24.1734,8.6],[24.1391,8.625],[24.093,8.6453],[24.0102,8.6649]]}},
{"type":"Feature","properties":{"id":"kongo-south-sudan","nations":"ww_kongo | south_sudan","follows":"the Congo-Nile divide"},"geometry":{"type":"LineString","coordinates":[[27.401,5.0546],[27.4094,5.0187],[27.4234,4.9953],[27.4766,4.957],[27.4906,4.9391],[27.5,4.8937],[27.5117,4.8711],[27.5586,4.843],[27.668,4.8125],[27.6914,4.8],[27.7266,4.7656],[27.7461,4.7187],[27.7539,4.6312],[27.7617,4.6062],[27.7891,4.5656],[27.832,4.5375],[27.9414,4.507],[27.9766,4.4891],[27.9961,4.468],[28.0023,4.432],[28.0234,4.4016],[28.1008,4.3641],[28.1266,4.3438],[28.1477,4.3016],[28.157,4.2352],[28.1852,4.207],[28.2344,4.2],[28.2859,4.2078],[28.2977,4.2164],[28.3031,4.2344],[28.3313,4.2531],[28.4813,4.3031],[28.5141,4.3422],[28.6359,4.3594],[28.6664,4.3734],[28.7406,4.4266],[28.8156,4.4453],[28.9188,4.45],[29.0125,4.4406],[29.0594,4.4266],[29.1227,4.3828],[29.1672,4.3656],[29.2633,4.3516],[29.4672,4.3422],[29.4945,4.3336],[29.5094,4.3125],[29.5891,4.3375],[29.607,4.3359],[29.6344,4.318],[29.6469,4.3172],[29.7063,4.3844],[29.7484,4.3984],[29.8031,4.3961],[29.8406,4.3766],[29.8781,4.3414],[29.9531,4.2312],[30.0094,4.1656],[30.0469,4.1375],[30.1008,4.1148],[30.1359,4.0891],[30.1477,4.068],[30.1516,4.0312],[30.1656,3.9937],[30.2203,3.932],[30.2922,3.893],[30.3867,3.8625],[30.4328,3.8344],[30.4961,3.7688],[30.5719,3.6586],[30.6281,3.6117],[30.6656,3.6],[30.7266,3.5953],[30.7498,3.5785],[30.8,3.6]]}},
{"type":"Feature","properties":{"id":"sudan-south-sudan","nations":"sudan | south_sudan","follows":"the Bahr el Arab and the northern edge of the Sudd"},"geometry":{"type":"LineString","coordinates":[[24.0102,8.6649],[24.106,8.8274],[24.1968,9.004],[24.4606,9.5578],[24.5528,9.7304],[24.6507,9.8869],[24.7565,10.0214],[24.8722,10.1277],[25.0,10.2],[25.1337,10.2329],[25.2779,10.2342],[25.4308,10.2098],[25.5908,10.1653],[25.756,10.1066],[26.2658,9.9022],[26.4346,9.8439],[26.6,9.8],[27.4519,9.6202],[27.7949,9.5596],[28.1335,9.5147],[28.6097,9.4819],[29.0726,9.475],[29.3731,9.4895],[29.6617,9.524],[29.8,9.55],[30.0321,9.6144],[30.1422,9.6546],[30.3558,9.7464],[31.8787,10.4549],[32.1614,10.5605],[32.3,10.6],[32.5452,10.6525],[32.7905,10.6884],[33.0332,10.7081],[33.2706,10.7119],[33.5,10.7],[33.6001,10.6881],[33.7943,10.6487],[34.45,10.45]]}},
{"type":"Feature","properties":{"id":"sudan-ethiopia","nations":"sudan | ethiopia","follows":"the foot of the Ethiopian highlands"},"geometry":{"type":"LineString","coordinates":[[34.45,10.45],[35.0,11.3],[35.6,12.3],[36.0387,12.9372],[36.2,13.2],[36.3116,13.4195],[36.3774,13.5647],[36.4811,13.8377],[36.5274,14.0235],[36.5594,14.2884]]}},
{"type":"Feature","properties":{"id":"sudan-eritrea","nations":"sudan | eritrea","follows":"the Gash and the Barka"},"geometry":{"type":"LineString","coordinates":[[36.5594,14.2884],[36.6181,14.9036],[36.6491,15.105],[36.7,15.3],[36.7348,15.3946],[36.7748,15.4871],[36.8675,15.6675],[37.0286,15.9324],[37.3984,16.505],[37.613,16.814],[37.9,17.2],[38.1512,17.5131],[38.3943,17.7916],[38.5549,17.9501],[38.75,18.1]]}},
{"type":"Feature","properties":{"id":"eritrea-ethiopia","nations":"eritrea | ethiopia","follows":"the Setit, the Mareb, then the Danakil escarpment"},"geometry":{"type":"LineString","coordinates":[[36.5594,14.2884],[36.6171,14.3007],[36.648,14.3148],[36.7216,14.3202],[36.7476,14.3322],[36.8481,14.3279],[36.9465,14.305],[36.9862,14.267],[37.0051,14.2634],[37.0256,14.277],[37.0598,14.277],[37.1,14.2],[37.5746,14.3979],[37.7352,14.4559],[37.817,14.48],[37.9873,14.5166],[38.2601,14.5499],[38.5364,14.5602],[38.8,14.55],[39.0954,14.5167],[39.306,14.4714],[39.4376,14.4272],[39.5559,14.37],[39.6579,14.2972],[39.946,14.0395],[40.0639,13.9582],[40.198,13.8781],[40.6278,13.6422],[40.8568,13.505],[41.5841,13.0463],[42.35,12.55]]}},
{"type":"Feature","properties":{"id":"eritrea-djibouti","nations":"eritrea | djibouti","follows":"Ras Doumeira"},"geometry":{"type":"LineString","coordinates":[[42.35,12.55],[42.6702,12.5763],[42.8,12.6],[42.9094,12.6377],[43.15,12.75]]}},
{"type":"Feature","properties":{"id":"djibouti-ethiopia","nations":"djibouti | ethiopia","follows":"Lake Abbe and the lower Awash"},"geometry":{"type":"LineString","coordinates":[[42.35,12.55],[42.0043,12.1708],[41.9281,12.0582],[41.9,12.0],[41.8447,11.8347],[41.8168,11.662],[41.8214,11.5513],[41.85,11.45],[41.881,11.3946],[41.9235,11.3396],[42.0354,11.2335],[42.1706,11.1376],[42.2422,11.0953],[42.3838,11.0258],[42.5076,10.9834],[42.6256,10.9674],[43.05,10.98]]}},
{"type":"Feature","properties":{"id":"djibouti-somaliland","nations":"djibouti | somaliland","follows":"Loyada"},"geometry":{"type":"LineString","coordinates":[[43.05,10.98],[43.3,11.55]]}},
{"type":"Feature","properties":{"id":"somaliland-ethiopia","nations":"somaliland | ethiopia","follows":"the northern edge of the Haud"},"geometry":{"type":"LineString","coordinates":[[43.05,10.98],[43.2335,10.3563],[43.3054,10.1838],[43.35,10.1],[43.4674,9.9181],[43.534,9.8283],[43.6802,9.6526],[43.8408,9.484],[44.1,9.25],[44.3021,9.0984],[44.6388,8.8893],[44.9836,8.7059],[45.2841,8.5612],[45.6125,8.4324],[46.6,8.1]]}},
{"type":"Feature","properties":{"id":"somaliland-somalia","nations":"somaliland | somalia","follows":"the Nugaal valley"},"geometry":{"type":"LineString","coordinates":[[46.6,8.1],[47.2257,8.2509],[47.5,8.3],[47.7975,8.3368],[48.0004,8.3547],[48.2031,8.3632],[48.4025,8.3585],[48.5937,8.3369],[48.8757,8.2712],[49.5192,8.0601],[49.95,7.9]]}},
{"type":"Feature","properties":{"id":"ethiopia-somalia","nations":"ethiopia | somalia","follows":"the foot of the Harar highlands, then the Shebelle"},"geometry":{"type":"LineString","coordinates":[[46.6,8.1],[45.3,8.2],[45.0346,8.234],[44.366,8.3364],[44.1168,8.3529],[44.0,8.35],[43.8237,8.3337],[43.6558,8.3074],[43.4191,8.245],[43.2711,8.1856],[43.2,8.15],[43.0629,8.0648],[42.9321,7.9623],[42.7526,7.7869],[42.6474,7.6626],[42.5597,7.5403],[42.4617,7.3494],[42.3,6.95],[42.1643,7.0131],[42.1523,6.9818],[42.093,6.9192],[42.0756,6.8591],[42.0777,6.827],[42.0688,6.8145],[42.0791,6.7958],[42.0414,6.732],[42.0142,6.6431],[42.0361,6.5958],[42.1125,6.5352],[42.1229,6.4644],[42.191,6.43],[42.2156,6.3816],[42.2415,6.3704],[42.281,6.3278],[42.3459,6.3087],[42.3707,6.3143],[42.4097,6.2866],[42.4629,6.2872],[42.4728,6.2943],[42.4885,6.2884],[42.7226,6.2664],[42.7823,6.213],[42.818,6.1619],[42.8337,6.1528],[42.8808,6.1429],[42.9619,6.0873],[43.0556,6.0598],[43.228,5.9624],[43.2729,5.9551],[43.4497,5.9579],[43.4763,5.9652],[43.5149,5.9374],[43.5364,5.9361],[43.55,5.95],[43.1803,5.4297],[43.0,5.2],[42.7376,4.907],[42.05,4.2]]}},
{"type":"Feature","properties":{"id":"ethiopia-kenya","nations":"ethiopia | kenya","follows":"the southern foot of the Ethiopian escarpment, then the Dawa"},"geometry":{"type":"LineString","coordinates":[[35.8,4.95],[36.0805,4.6037],[36.1827,4.4955],[36.3,4.4],[36.3753,4.3529],[36.541,4.2724],[36.7217,4.2048],[37.1043,4.0825],[37.6355,3.8955],[37.9727,3.7854],[38.1931,3.7247],[38.4835,3.6606],[38.662,3.6255],[38.8388,3.6001],[39.0171,3.5898],[39.1078,3.592],[39.2,3.6],[39.307,3.6195],[39.416,3.6509],[39.5265,3.6913],[40.0838,3.9346],[40.1928,3.9723],[40.3,4.0],[40.3926,4.0159],[40.5755,4.0324],[41.023,4.0378],[41.2,4.05],[41.4572,4.0877],[42.05,4.2]]}},
{"type":"Feature","properties":{"id":"kenya-somalia","nations":"kenya | somalia","follows":"the Lagh Dera country, west of the Juba"},"geometry":{"type":"LineString","coordinates":[[42.05,4.2],[41.4992,3.5141],[41.3608,3.3078],[41.2433,3.088],[41.09,2.7355],[41.0063,2.4915],[40.9418,2.2451],[40.9178,2.1221],[40.8895,1.8811],[40.8859,1.7616],[40.8958,1.5213],[40.9227,1.2802],[40.9598,1.0394],[41.0,0.8],[41.0503,0.5553],[41.2493,-0.1751],[41.3,-0.4],[41.3249,-0.5725],[41.3591,-0.9777],[41.3824,-1.1278],[41.4189,-1.2604],[41.4639,-1.3747],[41.65,-1.75]]}},
{"type":"Feature","properties":{"id":"ethiopia-south-sudan","nations":"ethiopia | south_sudan","follows":"the western foot of the Ethiopian highlands"},"geometry":{"type":"LineString","coordinates":[[35.8,4.95],[35.4866,5.5195],[35.3881,5.7095],[35.3,5.9],[35.1916,6.1706],[35.0702,6.5323],[35.0,6.8],[34.9735,6.9625],[34.9447,7.3638],[34.9203,7.5217],[34.9,7.6],[34.8346,7.7613],[34.5657,8.2347],[34.5292,8.3164],[34.4771,8.4856],[34.4434,8.6594],[34.4226,8.837],[34.4065,9.1113],[34.398,9.4092],[34.4076,9.7497],[34.45,10.45]]}},
{"type":"Feature","properties":{"id":"kenya-south-sudan","nations":"kenya | south_sudan","follows":"the Ilemi"},"geometry":{"type":"LineString","coordinates":[[33.85,4.2],[33.9744,4.3156],[34.1529,4.4967],[34.279,4.6105],[34.4207,4.7091],[34.5,4.75],[34.6079,4.7917],[34.7251,4.8243],[34.9807,4.8686],[35.5313,4.9186],[35.8,4.95]]}},
{"type":"Feature","properties":{"id":"uganda-south-sudan","nations":"uganda | south_sudan","follows":"the Imatong foothills and the Albert Nile"},"geometry":{"type":"LineString","coordinates":[[33.85,4.2],[33.4741,3.9051],[33.3,3.8],[33.1702,3.743],[33.0346,3.6952],[32.8939,3.6559],[32.7488,3.6244],[32.6,3.6],[32.4263,3.5831],[32.2436,3.5774],[31.9654,3.5838],[31.6243,3.6078],[31.1747,3.6932],[31.0517,3.704],[31.0,3.7],[30.9511,3.6872],[30.91,3.6681],[30.8,3.6]]}},
{"type":"Feature","properties":{"id":"uganda-kongo","nations":"uganda | ww_kongo","follows":"the Blue Mountains, Lake Albert, the Semliki, the Rwenzori and Lake Edward"},"geometry":{"type":"LineString","coordinates":[[30.8,3.6],[30.7548,2.9782],[30.7465,2.6878],[30.75,2.6],[30.769,2.4777],[30.8463,2.2028],[30.856,2.1005],[30.85,2.05],[30.8159,1.954],[30.7604,1.8629],[30.2986,1.2907],[30.2309,1.1983],[30.1695,1.0983],[30.082,0.9331],[29.9849,0.7072],[29.9402,0.5581],[29.9303,0.4758],[29.9234,0.3165],[29.9,0.2],[29.8599,0.1195],[29.6907,-0.1139],[29.65,-0.2],[29.6357,-0.2499],[29.6133,-0.4094],[29.6038,-0.6929],[29.55,-1.38]]}},
{"type":"Feature","properties":{"id":"kenya-uganda","nations":"kenya | uganda","follows":"Mount Elgon and the Karamoja escarpment"},"geometry":{"type":"LineString","coordinates":[[33.95,-1.0],[33.9311,-0.4145],[33.9396,-0.266],[33.9704,-0.1209],[34.0105,-0.0203],[34.1321,0.2081],[34.3903,0.6058],[34.5,0.8],[34.5517,0.9377],[34.6143,1.1582],[34.6791,1.307],[34.8759,1.5985],[34.949,1.7214],[34.9781,1.7849],[35.0167,1.9201],[35.0392,2.0678],[35.0468,2.2215],[35.0302,2.4526],[35.0,2.6],[34.9478,2.7465],[34.8323,2.9606],[34.6935,3.1671],[34.504,3.4289],[33.85,4.2]]}},
{"type":"Feature","properties":{"id":"uganda-tanzania","nations":"uganda | tanzania","follows":"the Kagera, then Lake Victoria"},"geometry":{"type":"LineString","coordinates":[[30.85,-1.05],[31.6045,-0.9596],[31.75,-0.95],[31.986,-0.9559],[32.6,-1.0],[33.0919,-1.0168],[33.4592,-1.0193],[33.95,-1.0]]}},
{"type":"Feature","properties":{"id":"kenya-tanzania","nations":"kenya | tanzania","follows":"the Mara, the Loita and Longido hills, the north of Kilimanjaro, Lake Jipe and the Umba"},"geometry":{"type":"LineString","coordinates":[[33.95,-1.0],[35.0226,-1.4137],[35.1629,-1.4765],[35.3,-1.55],[35.4431,-1.6442],[35.6511,-1.8071],[36.0777,-2.1646],[36.3927,-2.4493],[36.5534,-2.5861],[36.717,-2.7029],[36.8,-2.75],[36.8738,-2.7821],[36.9499,-2.8061],[37.3381,-2.875],[37.412,-2.8931],[37.4829,-2.9174],[37.55,-2.95],[37.6128,-2.9905],[37.6718,-3.0365],[37.7813,-3.1416],[38.1,-3.5],[38.8,-4.2],[39.3,-4.72]]}},
{"type":"Feature","properties":{"id":"uganda-rwanda","nations":"uganda | rwanda","follows":"the Virunga and the Kagitumba"},"geometry":{"type":"LineString","coordinates":[[29.55,-1.38],[29.8293,-1.3311],[29.95,-1.3],[30.039,-1.2651],[30.3086,-1.1322],[30.4,-1.1],[30.5337,-1.0748],[30.85,-1.05]]}},
{"type":"Feature","properties":{"id":"rwanda-kongo","nations":"rwanda | ww_kongo","follows":"Lake Kivu"},"geometry":{"type":"LineString","coordinates":[[29.55,-1.38],[29.3276,-1.5974],[29.25,-1.7],[29.2003,-1.8139],[29.12,-2.1],[28.95,-2.5]]}},
{"type":"Feature","properties":{"id":"rwanda-burundi","nations":"rwanda | burundi","follows":"the Akanyaru"},"geometry":{"type":"LineString","coordinates":[[28.95,-2.5],[29.1858,-2.6035],[29.2663,-2.632],[29.35,-2.65],[29.4954,-2.6551],[29.6988,-2.631],[29.9006,-2.5865],[30.251,-2.4475],[30.35,-2.42],[30.4857,-2.4037],[30.8,-2.4]]}},
{"type":"Feature","properties":{"id":"rwanda-tanzania","nations":"rwanda | tanzania","follows":"the Kagera"},"geometry":{"type":"LineString","coordinates":[[30.8,-2.4],[30.85,-1.75],[30.85,-1.05]]}},
{"type":"Feature","properties":{"id":"burundi-kongo","nations":"burundi | ww_kongo","follows":"the Rusizi, then Lake Tanganyika"},"geometry":{"type":"LineString","coordinates":[[28.95,-2.5],[29.2093,-3.2595],[29.25,-3.4],[29.285,-3.5757],[29.35,-4.0],[29.45,-4.45]]}},
{"type":"Feature","properties":{"id":"burundi-tanzania","nations":"burundi | tanzania","follows":"the Malagarasi and the Kagera heights"},"geometry":{"type":"LineString","coordinates":[[29.45,-4.45],[29.6901,-4.3772],[29.7701,-4.3453],[29.85,-4.3],[29.9622,-4.2098],[30.0764,-4.0947],[30.1894,-3.9647],[30.5876,-3.4678],[30.6745,-3.3497],[30.7476,-3.2277],[30.7768,-3.1647],[30.8,-3.1],[30.825,-2.9669],[30.8282,-2.8278],[30.8,-2.4]]}},
{"type":"Feature","properties":{"id":"kongo-tanzania","nations":"ww_kongo | tanzania","follows":"Lake Tanganyika"},"geometry":{"type":"LineString","coordinates":[[29.45,-4.45],[29.5249,-5.126],[29.6164,-5.6955],[29.6766,-5.999],[29.7238,-6.2004],[29.869,-6.7036],[29.9373,-6.9042],[30.0138,-7.1032],[30.1503,-7.402],[30.3228,-7.7036],[30.7,-8.3]]}},
{"type":"Feature","properties":{"id":"kongo-zambia","nations":"ww_kongo | zambia","follows":"Lake Mweru and the Luapula, then the Congo-Zambezi watershed"},"geometry":{"type":"LineString","coordinates":[[30.7,-8.3],[29.9716,-8.4115],[29.4185,-8.5422],[29.2774,-8.591],[29.1534,-8.6577],[29.1,-8.7],[29.0545,-8.7488],[29.0155,-8.8043],[28.9524,-8.9311],[28.8,-9.35],[28.6107,-9.551],[28.5881,-9.5583],[28.587,-9.5731],[28.6061,-9.5942],[28.6213,-9.6381],[28.6309,-9.7155],[28.6445,-9.7349],[28.6694,-9.7508],[28.6718,-9.7653],[28.698,-9.7918],[28.6776,-9.8036],[28.668,-9.8215],[28.6581,-9.8647],[28.6275,-9.9294],[28.6234,-9.951],[28.6309,-10.023],[28.628,-10.1026],[28.619,-10.1418],[28.5694,-10.2194],[28.6035,-10.2482],[28.6288,-10.2958],[28.6172,-10.3482],[28.6204,-10.3732],[28.6455,-10.4383],[28.63,-10.4809],[28.6383,-10.496],[28.6343,-10.5194],[28.6718,-10.5643],[28.6666,-10.5972],[28.6703,-10.619],[28.6938,-10.6367],[28.6938,-10.6631],[28.6654,-10.6973],[28.6458,-10.7098],[28.6271,-10.7116],[28.6005,-10.7631],[28.563,-10.8118],[28.5488,-10.8584],[28.5466,-10.9136],[28.5309,-10.9549],[28.5073,-10.9819],[28.5035,-11.0342],[28.4762,-11.0778],[28.4868,-11.1533],[28.4719,-11.1918],[28.4731,-11.2255],[28.4315,-11.3109],[28.439,-11.3482],[28.408,-11.3724],[28.3564,-11.4468],[28.3551,-11.518],[28.377,-11.571],[28.3991,-11.5959],[28.55,-11.5],[28.2094,-12.4344],[28.0805,-12.3977],[27.9516,-12.3484],[27.9086,-12.3195],[27.8961,-12.2836],[27.8766,-12.2703],[27.818,-12.268],[27.6734,-12.2875],[27.6539,-12.2828],[27.6453,-12.2617],[27.6344,-12.2547],[27.5938,-12.25],[27.5688,-12.2359],[27.5313,-12.1797],[27.4797,-12.0469],[27.4469,-11.9875],[27.3859,-11.9219],[27.3148,-11.8789],[27.2766,-11.8422],[27.2367,-11.7695],[27.2047,-11.6609],[27.1938,-11.6438],[27.1672,-11.6234],[27.1516,-11.6203],[27.1156,-11.6281],[27.0734,-11.6609],[27.057,-11.6945],[27.0477,-11.7867],[27.0266,-11.8547],[26.9844,-11.9156],[26.943,-11.9508],[26.8859,-11.9766],[26.8133,-11.993],[26.725,-12.0],[26.5938,-11.9953],[26.5187,-11.9766],[26.5,-11.9563],[26.4961,-11.9336],[26.4609,-11.9172],[26.2734,-11.9375],[26.2539,-11.9328],[26.2461,-11.9164],[26.2266,-11.9078],[26.0805,-11.8984],[26.0078,-11.8844],[25.9711,-11.8672],[25.9305,-11.8328],[25.8859,-11.8094],[25.7984,-11.7984],[25.7563,-11.7844],[25.7359,-11.7672],[25.7125,-11.7336],[25.6844,-11.7203],[25.6438,-11.7164],[25.5313,-11.732],[25.4656,-11.7297],[25.4375,-11.7164],[25.3984,-11.6656],[25.3563,-11.65],[25.3109,-11.6547],[25.2617,-11.6789],[25.2523,-11.6508],[25.2477,-11.5648],[25.2266,-11.5109],[25.2008,-11.4867],[25.1141,-11.4469],[25.1023,-11.4344],[25.1,-11.4219],[25.0836,-11.4141],[25.018,-11.4141],[24.8648,-11.432],[24.7828,-11.4297],[24.7555,-11.4164],[24.7453,-11.3734],[24.7344,-11.3594],[24.6938,-11.35],[24.6516,-11.3656],[24.6125,-11.4172],[24.5844,-11.4344],[24.5438,-11.4453],[24.4594,-11.45],[24.4062,-11.4453],[24.3656,-11.4344],[24.3375,-11.4172],[24.318,-11.382]]}},
{"type":"Feature","properties":{"id":"kongo-angola","nations":"ww_kongo | angola","follows":"the Congo-Zambezi and Congo-Kwanza watersheds, then the Loge to the sea"},"geometry":{"type":"LineString","coordinates":[[24.318,-11.382],[24.3203,-11.3516],[24.3766,-11.3023],[24.3953,-11.2555],[24.3992,-11.1656],[24.3883,-11.1094],[24.3578,-11.0906],[24.3477,-11.0328],[24.3359,-11.0156],[24.3008,-11.0016],[24.2188,-10.9906],[24.1859,-10.9672],[24.1523,-10.9234],[24.1234,-10.9094],[24.0852,-10.9016],[24.0148,-10.9016],[23.9766,-10.9094],[23.9477,-10.9234],[23.9086,-10.9664],[23.8609,-10.9797],[23.7367,-10.982],[23.5125,-10.9664],[23.4,-10.9758],[23.3563,-10.9938],[23.3164,-11.0266],[23.2859,-11.0406],[23.1641,-11.0578],[23.1523,-11.0664],[23.1453,-11.0875],[23.1094,-11.0672],[23.0656,-11.0625],[22.6922,-11.0875],[22.657,-11.0828],[22.6453,-11.0617],[22.6344,-11.0547],[22.582,-11.0523],[22.5609,-11.0641],[22.543,-11.0852],[22.5141,-11.1508],[22.4937,-11.1766],[22.4516,-11.1977],[22.3734,-11.2094],[22.3523,-11.2328],[22.3406,-11.2844],[22.3266,-11.2953],[22.3062,-11.3],[22.2812,-11.2977],[22.2563,-11.2859],[22.2313,-11.2648],[22.1789,-11.2],[22.1422,-11.1781],[22.0695,-11.1688],[21.9234,-11.1875],[21.9039,-11.1828],[21.8977,-11.1664],[21.8766,-11.1547],[21.7992,-11.1516],[21.7734,-11.1594],[21.757,-11.1734],[21.7359,-11.2484],[21.6844,-11.3156],[21.643,-11.3508],[21.5859,-11.3766],[21.4711,-11.3977],[21.3289,-11.4023],[21.2484,-11.4141],[21.1836,-11.4352],[21.157,-11.4492],[21.093,-11.5008],[21.0359,-11.5266],[20.9211,-11.5477],[20.7789,-11.5523],[20.6984,-11.5641],[20.6336,-11.5852],[20.607,-11.5992],[20.543,-11.65],[20.4859,-11.6719],[20.3711,-11.6813],[20.1297,-11.6625],[20.0898,-11.6672],[20.0469,-11.6875],[20.0078,-11.6672],[19.9906,-11.7391],[19.9766,-11.757],[19.9156,-11.8016],[19.9047,-11.8211],[19.8984,-11.8688],[19.8844,-11.9063],[19.8438,-11.9563],[19.8219,-11.9664],[19.75,-11.9797],[19.6406,-11.9836],[19.3297,-11.968],[19.1656,-11.9703],[19.1109,-11.9836],[19.1,-11.9938],[19.0883,-12.0289],[19.0414,-12.057],[18.9594,-12.0781],[18.8938,-12.0781],[18.8734,-12.0625],[18.8703,-12.05],[18.893,-11.9852],[18.9211,-11.957],[18.9742,-11.943],[18.9828,-11.9266],[18.9688,-11.8484],[18.9781,-11.8063],[19.0,-11.7859],[19.0672,-11.757],[19.0938,-11.7391],[19.1219,-11.7063],[19.1289,-11.6711],[19.1008,-11.643],[19.0375,-11.6219],[18.9852,-11.5953],[18.9297,-11.55],[18.8711,-11.4859],[18.7781,-11.3641],[18.6844,-11.275],[18.6219,-11.2391],[18.5328,-11.2125],[18.4938,-11.1844],[18.4813,-11.1656],[18.4703,-11.1188],[18.4836,-11.0063],[18.4797,-10.9656],[18.4664,-10.9375],[18.4328,-10.9125],[18.4156,-10.8844],[18.4047,-10.8438],[18.4,-10.7594],[18.3883,-10.7039],[18.3609,-10.6578],[18.3414,-10.6383],[18.232,-10.5781],[18.1891,-10.5375],[18.1617,-10.4844],[18.1539,-10.4531],[18.1469,-10.3492],[18.1312,-10.3016],[18.1188,-10.2859],[18.0844,-10.2711],[17.9945,-10.2836],[17.9477,-10.2742],[17.8891,-10.2094],[17.832,-10.1977],[17.8109,-10.1859],[17.793,-10.1648],[17.7602,-10.0992],[17.7203,-10.0734],[17.6195,-10.0523],[17.4805,-10.0484],[17.3797,-10.0344],[17.3398,-10.0172],[17.3023,-9.9711],[17.2734,-9.9516],[17.1664,-9.9141],[17.1359,-9.8938],[17.1266,-9.8813],[17.1195,-9.8516],[17.1281,-9.8156],[17.1531,-9.7641],[17.1883,-9.743],[17.1977,-9.7148],[17.1984,-9.6484],[17.1844,-9.6063],[17.1672,-9.5859],[17.1156,-9.5484],[17.1047,-9.5289],[17.0961,-9.4828],[17.0766,-9.4656],[17.0414,-9.4547],[16.9313,-9.4484],[16.8656,-9.4344],[16.8375,-9.4172],[16.8141,-9.3828],[16.7938,-9.3656],[16.7672,-9.3547],[16.6969,-9.3445],[16.6594,-9.3172],[16.6219,-9.268],[16.5461,-9.1125],[16.4828,-9.0094],[16.4367,-8.9563],[16.3641,-8.8953],[16.3219,-8.85],[16.2703,-8.7703],[16.2313,-8.6813],[16.1938,-8.6156],[16.1688,-8.5875],[16.1328,-8.5648],[16.1094,-8.5391],[16.0961,-8.4805],[16.0625,-8.4375],[16.1,-8.4],[15.504,-8.0708],[15.3036,-7.9741],[15.1,-7.9],[14.902,-7.8541],[14.6998,-7.8261],[14.4967,-7.811],[13.9187,-7.8006],[13.6435,-7.8139],[13.3171,-7.8427],[13.1486,-7.8639],[12.95,-7.9]]}},
{"type":"Feature","properties":{"id":"zambia-tanzania","nations":"zambia | tanzania","follows":"the Saisi and the Tanganyika-Nyasa corridor"},"geometry":{"type":"LineString","coordinates":[[30.7,-8.3],[31.4,-8.7],[31.5209,-8.782],[31.8084,-8.9947],[31.9328,-9.0684],[32.0823,-9.1298],[32.1715,-9.1533],[32.6528,-9.2309],[32.8256,-9.2715],[32.9,-9.3],[33.0364,-9.3805],[33.3,-9.6]]}},
{"type":"Feature","properties":{"id":"zambia-malawi","nations":"zambia | malawi","follows":"the Mafinga hills, then the Luangwa"},"geometry":{"type":"LineString","coordinates":[[33.3,-9.6],[33.0,-10.2],[33.0293,-10.2284],[33.0072,-10.2533],[32.999,-10.3],[32.9688,-10.3239],[32.9584,-10.3549],[32.8931,-10.4611],[32.875,-10.5199],[32.8699,-10.5583],[32.8391,-10.664],[32.8248,-10.7621],[32.8317,-10.7847],[32.8541,-10.8167],[32.859,-10.8413],[32.843,-10.8963],[32.8446,-10.9199],[32.8951,-11.0365],[32.8944,-11.0617],[32.8646,-11.1463],[32.8794,-11.2836],[32.8555,-11.3923],[32.7974,-11.4763],[32.7849,-11.5306],[32.7292,-11.6148],[32.6328,-11.6519],[32.613,-11.6651],[32.5907,-11.7049],[32.5515,-11.7348],[32.5369,-11.7875],[32.5162,-11.8187],[32.4648,-11.8692],[32.4459,-11.8784],[32.3689,-12.006],[32.3694,-12.0352],[32.3376,-12.0855],[32.2892,-12.1185],[32.283,-12.1367],[32.2898,-12.2221],[32.2761,-12.2636],[32.2556,-12.2948],[32.2061,-12.3333],[32.1406,-12.4434],[32.1383,-12.4951],[32.1167,-12.5926],[32.1064,-12.6047],[32.0906,-12.6541],[32.0837,-12.7328],[32.0675,-12.7847],[32.0439,-12.7974],[32.0347,-12.8134],[32.0161,-12.8769],[32.0068,-12.8863],[31.9656,-12.8999],[31.9136,-12.9504],[31.9059,-12.9907],[31.913,-13.0308],[31.8363,-13.0593],[31.8077,-13.0851],[31.7525,-13.1161],[31.7236,-13.1449],[31.7086,-13.182],[31.6804,-13.1919],[31.6379,-13.3356],[31.6135,-13.3666],[31.518,-13.432],[31.4612,-13.4218],[31.4391,-13.4286],[31.4067,-13.4511],[31.3591,-13.4611],[31.2874,-13.514],[31.2668,-13.5113],[31.232,-13.5573],[31.2222,-13.5822],[31.1831,-13.5783],[31.162,-13.5961],[31.135,-13.6075],[31.1226,-13.6274],[31.0984,-13.7139],[31.0558,-13.7576],[31.0614,-13.7735],[31.0217,-13.7844],[30.9625,-13.8198],[30.9591,-13.8526],[30.9366,-13.86],[30.892,-13.9222],[30.8495,-13.9678],[30.8264,-14.0168]]}},
{"type":"Feature","properties":{"id":"zambia-mozambique","nations":"zambia | mozambique","follows":"the lower Luangwa"},"geometry":{"type":"LineString","coordinates":[[30.8264,-14.0168],[30.7964,-14.0457],[30.7104,-14.0822],[30.6954,-14.105],[30.6947,-14.1303],[30.6797,-14.1406],[30.6633,-14.1401],[30.6161,-14.1846],[30.5767,-14.2573],[30.5776,-14.2731],[30.4685,-14.4067],[30.4624,-14.4515],[30.4463,-14.4775],[30.4436,-14.5182],[30.436,-14.5353],[30.4016,-14.5627],[30.3883,-14.5931],[30.3771,-14.6258],[30.374,-14.6952],[30.3013,-14.8451],[30.2804,-14.8711],[30.2535,-14.8901],[30.2205,-14.9015],[30.2134,-14.9883],[30.2205,-15.0182],[30.2252,-15.1063],[30.2626,-15.2311],[30.2875,-15.2788],[30.3342,-15.3046],[30.3574,-15.3355],[30.3687,-15.3745],[30.3712,-15.4398],[30.3923,-15.4806],[30.3712,-15.5253],[30.3669,-15.5611],[30.3955,-15.5905],[30.4122,-15.6278],[30.421,-15.6291]]}},
{"type":"Feature","properties":{"id":"zambia-zimbabwe","nations":"zambia | zimbabwe","follows":"the Zambezi"},"geometry":{"type":"LineString","coordinates":[[30.421,-15.6291],[30.4307,-15.6281],[30.4099,-15.6303],[30.3562,-15.6513],[30.3275,-15.6523],[30.2797,-15.6322],[30.2544,-15.6287],[30.2227,-15.6496],[30.2067,-15.653],[30.1694,-15.632],[30.1295,-15.6236],[30.0102,-15.6462],[29.8369,-15.6148],[29.7729,-15.638],[29.7296,-15.6446],[29.6724,-15.6631],[29.6479,-15.6664],[29.5867,-15.6557],[29.563,-15.662],[29.5079,-15.7035],[29.4065,-15.7142],[29.1858,-15.8127],[29.1505,-15.8487],[29.1211,-15.8592],[29.0855,-15.8845],[29.0419,-15.9462],[28.9723,-15.9513],[28.9319,-15.9636],[28.8984,-15.9953],[28.8598,-16.0493],[28.8588,-16.0695],[28.8704,-16.0871],[28.8467,-16.2026],[28.8635,-16.2311],[28.8398,-16.2847],[28.8363,-16.3062],[28.8565,-16.3654],[28.8568,-16.3881],[28.8286,-16.4345],[28.822,-16.4706],[28.8083,-16.4862],[28.7687,-16.5151],[28.7605,-16.5322],[28.7324,-16.558],[28.6427,-16.5687],[28.2795,-16.7065],[28.212,-16.7485],[28.1134,-16.8275],[27.8679,-16.9295],[27.8164,-16.9595],[27.7768,-17.0012],[27.6407,-17.1984],[27.6243,-17.2332],[27.6039,-17.3127],[27.5769,-17.3631],[27.4216,-17.5047],[27.1566,-17.7692],[27.1448,-17.794],[27.1484,-17.8423],[27.115,-17.8822],[27.0479,-17.9442],[27.0208,-17.9584],[26.9587,-17.9647],[26.9116,-17.992],[26.8877,-17.9844],[26.7936,-18.0262],[26.7532,-18.0329],[26.6996,-18.0692],[26.6122,-18.041],[26.5829,-18.0131],[26.553,-17.9964],[26.485,-17.9792],[26.408,-17.9389],[26.3622,-17.9306],[26.3178,-17.9343],[26.2938,-17.9184],[26.2388,-17.9101],[26.2113,-17.8827],[26.158,-17.9183],[26.135,-17.9224],[26.0937,-17.9418],[26.0946,-17.9584],[26.0461,-17.9662],[25.978,-17.9989],[25.9241,-17.9989],[25.8632,-17.9715],[25.853,-17.9599],[25.8457,-17.9435],[25.8471,-17.9292],[25.8632,-17.9238],[25.8492,-17.9066],[25.7654,-17.8496],[25.6808,-17.8114],[25.6565,-17.8139],[25.6035,-17.8361],[25.5364,-17.8486],[25.5159,-17.8622],[25.4951,-17.8548],[25.4197,-17.8548],[25.376,-17.8411],[25.335,-17.8411],[25.2593,-17.794],[25.2627,-17.7973]]}},
{"type":"Feature","properties":{"id":"zambia-botswana","nations":"zambia | botswana","follows":"the Chobe and the Linyanti"},"geometry":{"type":"LineString","coordinates":[[25.2627,-17.7973],[25.1936,-17.7823],[25.1534,-17.7817],[25.1204,-17.8134],[25.0874,-17.8267],[25.0564,-17.8277],[25.047,-17.8071],[25.0191,-17.8237],[24.9827,-17.8203],[24.9682,-17.8075],[24.9638,-17.7866],[24.9306,-17.8105],[24.8202,-17.8392],[24.7968,-17.8579],[24.7764,-17.8622],[24.7639,-17.8796],[24.7302,-17.8918],[24.698,-17.9287],[24.6487,-17.9627],[24.574,-18.0503],[24.5639,-18.0528],[24.5051,-18.0602],[24.4709,-18.0298],[24.4692,-18.0143],[24.4209,-17.9564],[24.3989,-17.9522],[24.3501,-17.9559],[24.2959,-18.0262],[24.2587,-18.0124],[24.2178,-18.0124],[24.1825,-18.0292],[24.1345,-18.0853],[24.101,-18.1087],[24.0564,-18.1188],[24.0276,-18.1457],[23.9912,-18.1633],[23.9707,-18.1838],[23.9502,-18.1776],[23.9155,-18.2011],[23.9124,-18.2355],[23.8546,-18.28],[23.8251,-18.3169],[23.8093,-18.3216],[23.7153,-18.419],[23.6796,-18.4315],[23.6448,-18.4659],[23.5916,-18.4781],[23.5785,-18.4677],[23.5708,-18.426],[23.5461,-18.3693],[23.5602,-18.3485],[23.5509,-18.3275],[23.5182,-18.2936],[23.5268,-18.2777],[23.5211,-18.268],[23.5051,-18.2493],[23.4636,-18.2254],[23.4289,-18.1884],[23.4182,-18.1983],[23.3939,-18.1861],[23.3958,-18.1694],[23.3892,-18.1532],[23.359,-18.1191],[23.3361,-18.0793],[23.3333,-18.0431],[23.3122,-18.0298],[23.3108,-18.0097],[23.2989,-18.0022]]}},
{"type":"Feature","properties":{"id":"zambia-angola","nations":"zambia | angola","follows":"the Cuando, then the western edge of the Barotse plain and the Zambezi's head"},"geometry":{"type":"LineString","coordinates":[[23.2989,-18.0022],[23.3052,-18.0053],[23.2932,-17.9839],[23.3122,-17.9584],[23.3013,-17.9261],[23.3117,-17.9045],[23.3333,-17.8902],[23.3276,-17.8693],[23.33,-17.8156],[23.3645,-17.7397],[23.3674,-17.704],[23.3804,-17.6657],[23.3754,-17.6281],[23.3816,-17.6009],[23.3401,-17.5606],[23.3048,-17.5395],[23.2578,-17.5326],[23.2064,-17.541],[23.1892,-17.5365],[23.1771,-17.524],[23.1755,-17.4781],[23.1653,-17.4673],[23.121,-17.4507],[23.0972,-17.4321],[23.0535,-17.3752],[23.0459,-17.3483],[22.998,-17.2938],[22.8756,-17.248],[22.7648,-17.1696],[22.7441,-17.1081],[22.71,-17.0554],[22.665,-17.0085],[22.5915,-16.9754],[22.5789,-16.9753],[22.5686,-16.9623],[22.5688,-16.9449],[22.554,-16.9242],[22.5081,-16.9061],[22.4885,-16.8653],[22.4162,-16.7543],[22.3721,-16.7287],[22.343,-16.683],[22.2868,-16.6581],[22.2584,-16.6691],[22.2372,-16.6654],[22.1511,-16.5976],[22.142,-16.5669],[22.1266,-16.5463],[22.1077,-16.5439],[22.1012,-16.4979],[22.0793,-16.4577],[22.0854,-16.4222],[22.105,-16.3792],[22.0552,-16.3646],[22.05,-16.4],[21.9667,-15.7767],[21.95,-15.5],[21.9572,-15.0634],[21.974,-14.8384],[22.0039,-14.6156],[22.0247,-14.5066],[22.0794,-14.296],[22.1493,-14.092],[22.2332,-13.892],[22.3306,-13.6947],[22.4405,-13.4983],[22.573,-13.2877],[22.6526,-13.1751],[22.9203,-12.8385],[23.4895,-12.2029],[23.7631,-11.9234],[24.318,-11.382]]}},
{"type":"Feature","properties":{"id":"angola-botswana","nations":"angola | botswana","follows":"the Okavango panhandle's north"},"geometry":{"type":"LineString","coordinates":[[23.2989,-18.0022],[22.5169,-17.9569],[22.2,-17.95],[21.9483,-17.9605],[21.4,-18.0],[20.7383,-17.9937]]}},
{"type":"Feature","properties":{"id":"angola-namibia","nations":"angola | namibia","follows":"the Cubango, then the Cuvelai country to the Ruacana falls and the Cunene"},"geometry":{"type":"LineString","coordinates":[[20.7383,-17.9937],[20.7219,-18.0063],[20.6891,-17.9969],[20.6658,-17.98],[20.5524,-17.979],[20.479,-17.9343],[20.4369,-17.8944],[20.4121,-17.8841],[20.3862,-17.8902],[20.3357,-17.8548],[20.3022,-17.8608],[20.2776,-17.8548],[20.2428,-17.8827],[20.2194,-17.8732],[20.1925,-17.872],[20.1686,-17.878],[20.1541,-17.8902],[20.0337,-17.8958],[19.989,-17.8827],[19.9514,-17.8622],[19.7935,-17.8622],[19.7705,-17.8902],[19.7107,-17.8729],[19.6926,-17.8476],[19.6721,-17.8426],[19.5923,-17.8573],[19.4209,-17.8593],[19.2619,-17.8139],[19.246,-17.8039],[19.2013,-17.8071],[19.1603,-17.8008],[19.1046,-17.818],[19.0199,-17.8222],[18.8896,-17.7992],[18.8003,-17.7565],[18.7614,-17.7476],[18.7477,-17.7363],[18.6703,-17.6532],[18.6328,-17.6288],[18.6191,-17.5948],[18.5504,-17.5352],[18.5161,-17.4712],[18.4922,-17.4644],[18.4478,-17.3757],[18.3799,-17.3301],[17.75,-17.9],[17.0643,-17.612],[16.7174,-17.4849],[16.4823,-17.4184],[16.2436,-17.3607],[16.0022,-17.3123],[15.7602,-17.276],[15.5194,-17.2544],[15.4,-17.25],[15.1686,-17.2582],[14.9385,-17.2854],[14.25,-17.4],[14.206,-17.393],[14.1965,-17.4129],[14.1745,-17.4162],[14.1304,-17.4091],[14.0849,-17.4235],[14.0173,-17.4091],[13.98,-17.4234],[13.9567,-17.4191],[13.8838,-17.3383],[13.6936,-17.2365],[13.606,-17.1672],[13.5208,-17.1218],[13.5304,-17.0932],[13.5073,-17.0634],[13.494,-17.0239],[13.4792,-17.0102],[13.4167,-16.9937],[13.3632,-16.9642],[13.3209,-16.9748],[13.3079,-16.97],[13.2668,-16.9852],[13.2223,-16.9777],[13.2048,-16.9629],[13.1843,-16.9642],[13.1657,-16.951],[13.0137,-16.9777],[12.9611,-17.0073],[12.8866,-17.0297],[12.88,-17.0507],[12.8672,-17.0655],[12.8494,-17.0707],[12.8244,-17.0962],[12.7393,-17.1354],[12.6853,-17.1734],[12.6356,-17.185],[12.5908,-17.2225],[12.5667,-17.2346],[12.46,-17.223],[12.4174,-17.2034],[12.3789,-17.2202],[12.3142,-17.218],[12.2422,-17.2248],[12.2311,-17.2017],[12.1843,-17.1769],[12.1702,-17.1491],[12.1609,-17.1462],[12.1394,-17.1559],[12.0875,-17.139],[11.9824,-17.1618],[11.9417,-17.1805],[11.807,-17.2658],[11.8,-17.25],[11.6,-17.25]]}},
{"type":"Feature","properties":{"id":"namibia-botswana","nations":"namibia | botswana","follows":"the western dune line of the Kalahari"},"geometry":{"type":"LineString","coordinates":[[20.7383,-17.9937],[20.7883,-18.1525],[20.8742,-18.3874],[20.9218,-18.5471],[20.9483,-18.7133],[20.95,-18.8],[20.9388,-18.9104],[20.9142,-19.0243],[20.8788,-19.141],[20.8351,-19.2602],[20.6318,-19.7519],[20.55,-20.0],[20.4243,-20.5118],[20.3711,-20.7722],[20.3286,-21.035],[20.3,-21.3],[20.2924,-21.5752],[20.3045,-21.8532],[20.3442,-22.416],[20.35,-22.7],[20.3345,-22.9996],[20.2599,-23.7613],[20.247,-24.0569],[20.2591,-24.3261],[20.2911,-24.5729],[20.45,-25.4],[20.6,-26.45]]}},
{"type":"Feature","properties":{"id":"namibia-cape","nations":"namibia | cape","follows":"the lower Molopo, then the Orange"},"geometry":{"type":"LineString","coordinates":[[20.6,-26.45],[20.3825,-26.9719],[20.2758,-27.2783],[20.2125,-27.5169],[20.0024,-28.4234],[19.9397,-28.4301],[19.9074,-28.4264],[19.8698,-28.4408],[19.825,-28.4766],[19.7476,-28.487],[19.6877,-28.5159],[19.5874,-28.5226],[19.5683,-28.5312],[19.5332,-28.5824],[19.5111,-28.5978],[19.4823,-28.6782],[19.4545,-28.7051],[19.3385,-28.7373],[19.3039,-28.7186],[19.2896,-28.7196],[19.2654,-28.7426],[19.248,-28.7714],[19.2444,-28.7924],[19.251,-28.8141],[19.2883,-28.8709],[19.2431,-28.8918],[19.2261,-28.9115],[19.161,-28.9453],[19.1196,-28.9574],[19.0812,-28.9592],[19.0642,-28.9396],[19.0485,-28.9323],[19.0063,-28.9262],[18.954,-28.8665],[18.7451,-28.8398],[18.5535,-28.8646],[18.4956,-28.8881],[18.4689,-28.8749],[18.397,-28.8989],[18.3081,-28.8799],[18.166,-28.9018],[18.0435,-28.8583],[17.9827,-28.8135],[17.9127,-28.7812],[17.7458,-28.7485],[17.7136,-28.751],[17.6731,-28.7714],[17.6282,-28.7641],[17.6066,-28.7555],[17.5976,-28.6895],[17.5825,-28.6801],[17.4404,-28.7094],[17.4031,-28.7041],[17.4011,-28.6742],[17.4199,-28.5933],[17.4089,-28.5713],[17.3726,-28.5593],[17.3589,-28.5197],[17.3237,-28.4705],[17.3276,-28.4561],[17.3407,-28.4427],[17.3908,-28.4188],[17.3992,-28.395],[17.3994,-28.3462],[17.3716,-28.306],[17.3452,-28.2275],[17.308,-28.2241],[17.2446,-28.2372],[17.2126,-28.232],[17.1913,-28.2088],[17.1895,-28.1167],[17.1804,-28.0994],[17.1359,-28.0846],[17.1113,-28.0459],[17.0861,-28.027],[17.0563,-28.0311],[17.0115,-28.0583],[16.9849,-28.0521],[16.947,-28.0726],[16.927,-28.0601],[16.896,-28.0799],[16.8849,-28.1619],[16.8777,-28.1719],[16.8473,-28.1654],[16.8351,-28.174],[16.8555,-28.1992],[16.8406,-28.2098],[16.8137,-28.2133],[16.8261,-28.2519],[16.8147,-28.2707],[16.7859,-28.2575],[16.7681,-28.2653],[16.7639,-28.2831],[16.7678,-28.3036],[16.8034,-28.366],[16.7781,-28.3828],[16.7688,-28.4426],[16.7399,-28.4809],[16.72,-28.4959],[16.7034,-28.4943],[16.6919,-28.4611],[16.6829,-28.4561],[16.5968,-28.5262],[16.5586,-28.537],[16.4871,-28.5729],[16.48,-28.6],[16.3,-28.7]]}},
{"type":"Feature","properties":{"id":"botswana-cape","nations":"botswana | cape","follows":"the Molopo"},"geometry":{"type":"LineString","coordinates":[[20.6,-26.45],[20.8256,-26.8188],[20.8513,-26.8065],[20.9072,-26.7998],[20.99,-26.8386],[21.1218,-26.8653],[21.153,-26.8644],[21.2401,-26.842],[21.2965,-26.8444],[21.3804,-26.8239],[21.4262,-26.8224],[21.4982,-26.8464],[21.5834,-26.8483],[21.6428,-26.8626],[21.6867,-26.8552],[21.7433,-26.8203],[21.7729,-26.7867],[21.7761,-26.7491],[21.767,-26.7043],[21.7682,-26.6887],[21.78,-26.6782],[21.8383,-26.6644],[21.9353,-26.6638],[21.9985,-26.6502],[22.0571,-26.6176],[22.1076,-26.5718],[22.1457,-26.5191],[22.1969,-26.404],[22.2372,-26.3667],[22.2478,-26.3469],[22.3424,-26.3173],[22.3945,-26.2718],[22.4284,-26.2265],[22.4504,-26.21],[22.4821,-26.2048],[22.5275,-26.2136],[22.5444,-26.2074],[22.5797,-26.1464],[22.6227,-26.1092],[22.6645,-26.0513],[22.6611,-26.0209],[22.71,-25.9968],[22.7189,-25.9841],[22.7263,-25.9216],[22.7084,-25.8909],[22.7542,-25.8433],[22.7636,-25.8202],[22.7504,-25.7959],[22.7406,-25.7909],[22.7399,-25.7769],[22.7593,-25.7348],[22.8096,-25.6773],[22.8145,-25.6528],[22.809,-25.6332],[22.8329,-25.606],[22.813,-25.575],[22.8507,-25.4712],[22.8871,-25.4501],[22.9031,-25.4113],[22.9199,-25.3905],[22.9556,-25.372],[22.9674,-25.3467],[23.0063,-25.3107],[23.0302,-25.2993],[23.054,-25.3024],[23.0649,-25.3207],[23.0834,-25.3198],[23.168,-25.28],[23.2155,-25.2671],[23.2651,-25.264],[23.3198,-25.2733],[23.3809,-25.2925],[23.4443,-25.2782],[23.4587,-25.2822],[23.4961,-25.3242],[23.5604,-25.3573],[23.6662,-25.4325],[23.6863,-25.4543],[23.7422,-25.4699],[23.7686,-25.5073],[23.8069,-25.5236],[23.8447,-25.569],[23.89,-25.5988],[23.9053,-25.6183],[23.9242,-25.6292],[23.9875,-25.6195],[23.9977,-25.6252],[24.0051,-25.6546],[24.0,-25.75],[25.2,-25.75]]}},
{"type":"Feature","properties":{"id":"botswana-xhosa","nations":"botswana | xhosa","follows":"the Marico, then the Limpopo"},"geometry":{"type":"LineString","coordinates":[[25.2,-25.75],[25.6291,-25.4951],[25.7681,-25.4034],[25.9,-25.3],[25.966,-25.2388],[26.0928,-25.1032],[26.5,-24.6],[26.95,-24.1],[26.9615,-23.7373],[26.9668,-23.7186],[27.0038,-23.6457],[27.0133,-23.6384],[27.037,-23.6656],[27.0543,-23.6663],[27.0689,-23.6415],[27.0611,-23.6042],[27.0747,-23.611],[27.0777,-23.6019],[27.1021,-23.5838],[27.1129,-23.5641],[27.1362,-23.5701],[27.1406,-23.5583],[27.1269,-23.5452],[27.1269,-23.5248],[27.1372,-23.5233],[27.1567,-23.5366],[27.171,-23.5155],[27.1951,-23.527],[27.191,-23.5037],[27.295,-23.4516],[27.3351,-23.4024],[27.3606,-23.4223],[27.3954,-23.394],[27.4099,-23.3892],[27.418,-23.3911],[27.4247,-23.4125],[27.4521,-23.3852],[27.5067,-23.3789],[27.5484,-23.3607],[27.5632,-23.3427],[27.5688,-23.3202],[27.5645,-23.3057],[27.58,-23.2637],[27.5986,-23.2445],[27.6074,-23.2166],[27.6583,-23.2233],[27.698,-23.1934],[27.7251,-23.2216],[27.7387,-23.2275],[27.7532,-23.2206],[27.7737,-23.1728],[27.783,-23.1668],[27.7737,-23.125],[27.8059,-23.1283],[27.8218,-23.1229],[27.8153,-23.1045],[27.895,-23.0794],[27.9294,-23.057],[27.9456,-23.0288],[27.9369,-22.9637],[28.0078,-22.9346],[28.0369,-22.9113],[28.0493,-22.8911],[28.0535,-22.8691],[28.0449,-22.8476],[28.0653,-22.8288],[28.1033,-22.8166],[28.1168,-22.7892],[28.1545,-22.7719],[28.162,-22.7588],[28.1592,-22.718],[28.1956,-22.6716],[28.2401,-22.6608],[28.3013,-22.6037],[28.338,-22.5844],[28.3764,-22.5749],[28.4589,-22.5697],[28.522,-22.5846],[28.5381,-22.5801],[28.5593,-22.5629],[28.6234,-22.5627],[28.6584,-22.5518],[28.7307,-22.5138],[28.8163,-22.4929],[28.8307,-22.4823],[28.8461,-22.4499],[28.912,-22.4535],[28.9298,-22.4408],[28.9673,-22.3802],[28.9599,-22.3101],[29.0023,-22.2632],[29.0175,-22.2548],[29.0382,-22.2238],[29.1684,-22.2139],[29.2216,-22.1821],[29.2478,-22.1791],[29.3023,-22.1901],[29.3559,-22.1905]]}},
{"type":"Feature","properties":{"id":"botswana-zimbabwe","nations":"botswana | zimbabwe","follows":"the edge of the Kalahari sand, then the Shashe"},"geometry":{"type":"LineString","coordinates":[[25.2627,-17.7973],[25.7,-18.6],[25.7922,-18.7964],[25.9227,-19.1079],[26.0186,-19.3142],[26.1329,-19.5093],[26.2,-19.6],[26.2814,-19.6918],[26.3723,-19.7795],[26.5745,-19.9449],[27.0044,-20.2509],[27.2,-20.4],[28.5284,-21.5408],[28.8237,-21.7788],[29.3559,-22.1905]]}},
{"type":"Feature","properties":{"id":"zimbabwe-xhosa","nations":"zimbabwe | xhosa","follows":"the Limpopo"},"geometry":{"type":"LineString","coordinates":[[29.3559,-22.1905],[29.3774,-22.1928],[29.4356,-22.163],[29.4563,-22.1586],[29.5312,-22.1724],[29.5504,-22.1459],[29.6035,-22.145],[29.6405,-22.1291],[29.6608,-22.1263],[29.6792,-22.1382],[29.7583,-22.1308],[29.7788,-22.1362],[29.8369,-22.1723],[29.8955,-22.1911],[29.9316,-22.1942],[30.0046,-22.2221],[30.0354,-22.2505],[30.0821,-22.2627],[30.1345,-22.2934],[30.2212,-22.2909],[30.2549,-22.3046],[30.3003,-22.3368],[30.3344,-22.3447],[30.4122,-22.3367],[30.4879,-22.3101],[30.6006,-22.3163],[30.6319,-22.3306],[30.6934,-22.3027],[30.8047,-22.2944],[30.8374,-22.2822],[30.9268,-22.2956],[31.0872,-22.3367],[31.152,-22.3163],[31.1831,-22.3454],[31.213,-22.3617],[31.2551,-22.3579],[31.2923,-22.4042]]}},
{"type":"Feature","properties":{"id":"zimbabwe-mozambique","nations":"zimbabwe | mozambique","follows":"the Save, the Chimanimani and Nyanga highlands, then the Mazowe country to the Zambezi"},"geometry":{"type":"LineString","coordinates":[[31.2923,-22.4042],[32.5552,-20.5187],[32.8483,-20.123],[32.9414,-19.9637],[32.9759,-19.8826],[33.0,-19.8],[33.0112,-19.7224],[33.0122,-19.6438],[32.9917,-19.4843],[32.919,-19.1611],[32.9,-19.0],[32.9076,-18.7565],[32.949,-18.2753],[32.946,-17.9548],[32.9327,-17.7788],[32.9137,-17.6605],[32.8627,-17.4585],[32.817,-17.3123],[32.76,-17.1669],[32.6887,-17.0276],[32.6467,-16.962],[32.5399,-16.8343],[32.4717,-16.7723],[32.3967,-16.7135],[32.232,-16.6035],[31.3941,-16.1112],[30.9388,-15.8691],[30.421,-15.6291]]}},
{"type":"Feature","properties":{"id":"mozambique-xhosa","nations":"mozambique | xhosa/eswatini","follows":"the Lebombo range"},"geometry":{"type":"LineString","coordinates":[[31.2923,-22.4042],[31.5853,-23.0589],[31.7146,-23.3889],[31.7805,-23.608],[31.8329,-23.8235],[31.8753,-24.0401],[31.9097,-24.2599],[31.95,-24.6],[31.9661,-24.8685],[31.9665,-25.7093],[31.98,-25.95],[32.0029,-26.0952],[32.0805,-26.411],[32.0981,-26.5352],[32.1,-26.6],[32.093,-26.6739],[32.0762,-26.7557],[31.9497,-27.1684],[31.9373,-27.2285],[31.9364,-27.2735],[31.95,-27.3],[31.9732,-27.306],[32.005,-27.2982],[32.0886,-27.2516],[32.3499,-27.075],[32.5094,-27.0057],[32.6869,-26.9429],[32.8558,-26.896],[32.95,-26.88],[33.0168,-26.8794],[33.15,-26.9]]}},
{"type":"Feature","properties":{"id":"eswatini-xhosa","nations":"eswatini | xhosa","follows":"the Komati, the escarpment and the Pongola"},"geometry":{"type":"LineString","coordinates":[[31.98,-25.95],[31.8629,-25.9005],[31.6272,-25.7871],[31.5117,-25.7519],[31.4553,-25.7459],[31.4,-25.75],[31.3392,-25.7659],[31.2754,-25.7918],[31.2104,-25.8263],[31.0826,-25.9159],[30.9683,-26.0245],[30.9202,-26.0826],[30.8803,-26.1416],[30.85,-26.2],[30.8288,-26.2609],[30.8145,-26.3278],[30.8048,-26.4735],[30.8087,-26.5494],[30.832,-26.6999],[30.8735,-26.8387],[30.9,-26.9],[30.9314,-26.9568],[31.0137,-27.0688],[31.1151,-27.1727],[31.2277,-27.2613],[31.3434,-27.3275],[31.4,-27.35],[31.5041,-27.3679],[31.6134,-27.3613],[31.95,-27.3]]}},
{"type":"Feature","properties":{"id":"cape-xhosa","nations":"cape | xhosa","follows":"the Harts, the Vaal and the Orange, the Sneeuberg, then the Great Fish River to the sea"},"geometry":{"type":"LineString","coordinates":[[25.2,-25.75],[25.0206,-26.4793],[24.95,-26.8],[24.9127,-27.0395],[24.8584,-27.5389],[24.817,-27.7792],[24.7875,-27.8926],[24.75,-28.0],[24.7051,-28.0897],[24.6479,-28.1741],[24.3095,-28.5574],[24.2576,-28.6348],[24.2199,-28.7153],[24.2,-28.8],[24.1978,-28.8947],[24.2103,-28.9941],[24.2355,-29.0968],[24.2715,-29.2016],[24.3675,-29.4121],[24.4824,-29.6151],[24.6,-29.8],[24.6608,-29.8794],[24.732,-29.953],[25.1344,-30.2833],[25.2022,-30.3513],[25.2585,-30.423],[25.3,-30.5],[25.3218,-30.5736],[25.33,-30.6502],[25.3186,-30.8099],[25.2815,-31.0573],[25.2771,-31.1395],[25.2822,-31.2206],[25.3,-31.3],[25.3365,-31.3923],[25.3851,-31.4845],[25.4435,-31.5764],[25.5814,-31.7589],[25.882,-32.1141],[26.3094,-32.6646],[26.55,-32.95],[26.7848,-33.2007],[27.0104,-33.4215],[27.1348,-33.5269],[27.25,-33.6]]}},
{"type":"Feature","properties":{"id":"greater-lesotho","nations":"lesotho | xhosa","follows":"the Drakensberg escarpment, the Witteberge, and the Caledon's western watershed"},"geometry":{"type":"LineString","coordinates":[[27.0,-30.5],[27.0705,-30.5215],[27.1418,-30.5452],[27.3568,-30.6202],[27.4981,-30.6637],[27.6344,-30.6931],[27.7,-30.7],[27.8579,-30.7027],[28.009,-30.6861],[28.1533,-30.6421],[28.2544,-30.5867],[28.3073,-30.5455],[28.4092,-30.4452],[28.7,-30.1],[29.027,-29.7574],[29.1112,-29.6541],[29.312,-29.3608],[29.384,-29.2352],[29.4125,-29.1733],[29.447,-29.055],[29.45,-29.0],[29.4325,-28.9114],[29.4149,-28.8679],[29.3661,-28.7839],[29.3041,-28.705],[29.2,-28.6],[29.1171,-28.5345],[29.0227,-28.4768],[28.9199,-28.4268],[28.7558,-28.3663],[28.5681,-28.3187],[28.4264,-28.2952],[28.2808,-28.2823],[28.1368,-28.283],[28.0,-28.3],[27.9359,-28.3151],[27.8091,-28.3584],[27.6854,-28.416],[27.5663,-28.4845],[27.4535,-28.5604],[27.2964,-28.6853],[27.1973,-28.7798],[27.1049,-28.8817],[27.0217,-28.9891],[26.95,-29.1],[26.8906,-29.2139],[26.8398,-29.3354],[26.782,-29.5219],[26.7576,-29.6425],[26.7445,-29.7947],[26.7475,-29.8877],[26.7664,-30.0226],[26.8,-30.15],[26.8305,-30.2246],[26.8693,-30.2952],[26.9576,-30.4312],[26.9793,-30.4653],[27.0,-30.5]]}},
{"type":"Feature","properties":{"id":"malawi-mozambique","nations":"malawi | mozambique","follows":"the Angonia plateau, the Shire highlands and Lake Chilwa, then the middle of Lake Nyasa"},"geometry":{"type":"LineString","coordinates":[[30.8264,-14.0168],[31.1031,-14.2006],[31.6593,-14.5939],[31.7969,-14.6788],[31.9331,-14.7519],[32.0676,-14.8101],[32.2,-14.85],[32.3038,-14.8649],[32.4072,-14.865],[32.6125,-14.8346],[32.9132,-14.7649],[33.0106,-14.7492],[33.1063,-14.7431],[33.2,-14.75],[33.3746,-14.7856],[33.5485,-14.8382],[33.7151,-14.908],[33.8678,-14.9951],[34.0,-15.1],[34.0573,-15.162],[34.1085,-15.2318],[34.196,-15.3893],[34.2693,-15.5609],[34.4278,-15.9729],[34.5517,-16.4195],[34.6108,-16.5459],[34.65,-16.6],[34.7431,-16.6943],[34.7978,-16.7402],[34.9165,-16.8223],[34.9776,-16.8554],[35.096,-16.8983],[35.1505,-16.9051],[35.2,-16.9],[35.2485,-16.8792],[35.2945,-16.8431],[35.3382,-16.7942],[35.4197,-16.6677],[35.7166,-16.068],[35.791,-15.9032],[35.8523,-15.7373],[35.8915,-15.5765],[35.9,-15.5],[35.8985,-15.3728],[35.8808,-15.2472],[35.8489,-15.1253],[35.8046,-15.0089],[35.75,-14.9],[35.6757,-14.8037],[35.4284,-14.5982],[35.3375,-14.5043],[35.3,-14.45],[35.2624,-14.3793],[35.2007,-14.2229],[35.1522,-14.0515],[34.9817,-13.3069],[34.8825,-12.8019],[34.8237,-12.4005],[34.75,-11.6]]}},
{"type":"Feature","properties":{"id":"malawi-tanzania","nations":"malawi | tanzania","follows":"the middle of Lake Nyasa, then the Songwe"},"geometry":{"type":"LineString","coordinates":[[34.75,-11.6],[34.639,-10.9588],[34.6,-10.8],[34.5236,-10.5503],[34.4333,-10.3002],[34.3341,-10.0693],[34.1923,-9.7879],[34.1046,-9.6489],[34.0373,-9.5772],[33.965,-9.5315],[33.8876,-9.5065],[33.8041,-9.4946],[33.6779,-9.4939],[33.5679,-9.5045],[33.4763,-9.5302],[33.3,-9.6]]}},
{"type":"Feature","properties":{"id":"tanzania-mozambique","nations":"tanzania | mozambique","follows":"the Ruvuma"},"geometry":{"type":"LineString","coordinates":[[40.5,-10.42],[40.4369,-10.4748],[40.4205,-10.5036],[40.3886,-10.5352],[40.3528,-10.5605],[40.288,-10.5829],[40.2502,-10.6108],[40.1605,-10.7043],[40.1328,-10.7145],[40.0075,-10.811],[39.8855,-10.8643],[39.7854,-10.9325],[39.7599,-10.9429],[39.5923,-10.9792],[39.4979,-10.9904],[39.2627,-11.1667],[39.211,-11.1738],[39.1494,-11.1442],[39.1257,-11.1396],[39.0603,-11.1601],[38.9297,-11.1598],[38.8958,-11.1675],[38.8515,-11.2027],[38.8173,-11.2161],[38.7776,-11.2534],[38.7592,-11.2631],[38.7146,-11.2563],[38.6537,-11.2757],[38.6152,-11.3171],[38.5166,-11.3828],[38.4917,-11.4133],[38.4619,-11.3962],[38.3825,-11.3765],[38.3471,-11.3587],[38.292,-11.3014],[38.2563,-11.277],[38.2099,-11.27],[38.1778,-11.2817],[38.1545,-11.2805],[38.1089,-11.2494],[38.1006,-11.2563],[38.0131,-11.2653],[37.9949,-11.2774],[37.9376,-11.2839],[37.8679,-11.3276],[37.85,-11.3875],[37.8406,-11.3997],[37.8419,-11.4177],[37.818,-11.4596],[37.8127,-11.4823],[37.8246,-11.52],[37.8164,-11.5334],[37.7832,-11.5586],[37.7104,-11.5903],[37.6472,-11.6358],[37.5725,-11.644],[37.5154,-11.6672],[37.4955,-11.6849],[37.4844,-11.7088],[37.4502,-11.7223],[37.4273,-11.7223],[37.3779,-11.7088],[37.3518,-11.6862],[37.331,-11.6815],[37.3056,-11.6945],[37.2696,-11.6983],[37.1411,-11.6746],[37.106,-11.6579],[37.0712,-11.6291],[37.0438,-11.5955],[37.0318,-11.5648],[36.9979,-11.5844],[36.9054,-11.5926],[36.8657,-11.5741],[36.8367,-11.5679],[36.8197,-11.5734],[36.7377,-11.6746],[36.6668,-11.7132],[36.6251,-11.7212],[36.5452,-11.7292],[36.5082,-11.7096],[36.4944,-11.6808],[36.3728,-11.683],[36.3607,-11.6923],[36.2783,-11.7088],[36.2405,-11.6945],[36.1992,-11.7013],[36.1877,-11.6935],[36.1788,-11.6755],[36.1758,-11.6548],[36.1821,-11.6398],[36.1731,-11.5972],[36.1514,-11.571],[36.1207,-11.5505],[36.0791,-11.5368],[36.0217,-11.5055],[35.988,-11.512],[35.9693,-11.5023],[35.9604,-11.4833],[35.9698,-11.4611],[36.0,-11.45],[35.3,-11.55],[34.75,-11.6]]}}]}
